node,from,to,compliment,sample,Contig,Best_Hit_ARO,Drug Class
NODE_1002_length_3178_cov_8.879056,g__Enterococcus_B,g__Enterococcus_B,no,Sys,,,
NODE_163_length_14338_cov_7.027866,g__Staphylococcus,g__Staphylococcus,no,Sys,,,
NODE_166_length_14259_cov_16.393433,g__Enterococcus_B,g__Enterococcus_B,no,Sys,,,
NODE_174_length_13695_cov_77.400796,g__Staphylococcus,g__Staphylococcus,no,Sys,NODE_174_length_13695_cov_77.400796,qacA,fluoroquinolone antibiotic
NODE_209_length_10244_cov_6.861224,g__Enterococcus_B,g__Enterococcus_B,no,Sys,,,
NODE_283_length_7180_cov_27.989366,g__Enterococcus_B,g__Enterococcus_B,no,Sys,NODE_283_length_7180_cov_27.989366,vanZ gene in vanA cluster,glycopeptide antibiotic
NODE_283_length_7180_cov_27.989366,g__Enterococcus_B,g__Enterococcus_B,no,Sys,NODE_283_length_7180_cov_27.989366,vanY gene in vanA cluster,glycopeptide antibiotic
NODE_283_length_7180_cov_27.989366,g__Enterococcus_B,g__Enterococcus_B,no,Sys,NODE_283_length_7180_cov_27.989366,vanX gene in vanA cluster,glycopeptide antibiotic
NODE_283_length_7180_cov_27.989366,g__Enterococcus_B,g__Enterococcus_B,no,Sys,NODE_283_length_7180_cov_27.989366,vanA,glycopeptide antibiotic
NODE_283_length_7180_cov_27.989366,g__Enterococcus_B,g__Enterococcus_B,no,Sys,NODE_283_length_7180_cov_27.989366,vanH gene in vanA cluster,glycopeptide antibiotic
NODE_28_length_49333_cov_17.322705,g__Staphylococcus,g__Enterococcus_B,no,Sys,,,
NODE_28_length_49333_cov_17.322705,g__Enterococcus_B,g__Staphylococcus,no,Sys,,,
NODE_3515_length_1790_cov_40.582682,g__Enterococcus_B,g__Enterococcus_B,no,Sys,,,
NODE_3973_length_1702_cov_137.285714,g__Enterococcus_B,g__Enterococcus_B,no,Sys,,,
NODE_6140_length_1392_cov_109.543874,g__Enterococcus_B,g__Enterococcus_B,no,Sys,,,
NODE_6168_length_1389_cov_444.393027,g__Staphylococcus,g__Staphylococcus,no,Sys,,,
NODE_64_length_30580_cov_18.089384,g__Enterococcus_B,g__Enterococcus_B,no,Sys,,,
NODE_673_length_3890_cov_8.962796,g__Enterococcus_B,g__Enterococcus_B,no,Sys,,,
NODE_6813_length_1324_cov_225.028404,g__Staphylococcus,g__Staphylococcus,no,Sys,,,
NODE_7367_length_1275_cov_18.985192,g__Staphylococcus,g__Staphylococcus,no,Sys,,,
NODE_7406_length_1271_cov_180.206294,g__Staphylococcus,g__Staphylococcus,no,Sys,,,
NODE_781_length_3583_cov_45.798900,g__Enterococcus_B,g__Enterococcus_B,no,Sys,,,
NODE_829_length_3458_cov_17.610928,g__Enterococcus_B,g__Enterococcus_B,no,Sys,,,
NODE_8583_length_1185_cov_68.752363,g__Enterococcus_B,g__Enterococcus_B,no,Sys,,,
NODE_109_length_6168_cov_3.465320,g__Klebsiella,g__Klebsiella,yes,SD008,,,
NODE_118_length_5506_cov_4.457334,g__Klebsiella,g__Klebsiella,yes,SD008,,,
NODE_123_length_5267_cov_345.268677,g__Klebsiella,g__Klebsiella,yes,SD008,,,
NODE_1368_length_628_cov_4.782435,g__Klebsiella,g__Klebsiella,yes,SD008,,,
NODE_137_length_4691_cov_4.274540,g__Klebsiella,g__Klebsiella,yes,SD008,,,
NODE_174_length_3995_cov_105.251293,g__Klebsiella,g__Klebsiella,yes,SD008,NODE_174_length_3995_cov_105.251293,CTX-M-15,cephalosporin; penam
NODE_201_length_3638_cov_687.955853,g__Klebsiella,g__Klebsiella,yes,SD008,,,
NODE_225_length_3363_cov_91.244438,g__Klebsiella,g__Klebsiella,yes,SD008,,,
NODE_251_length_3120_cov_98.550618,g__Klebsiella,g__Klebsiella,yes,SD008,,,
NODE_299_length_2751_cov_126.217988,g__Klebsiella,g__Klebsiella,yes,SD008,NODE_299_length_2751_cov_126.217988,OXA-48,carbapenem; cephalosporin; penam
NODE_311_length_2683_cov_36.196401,g__Klebsiella,g__Klebsiella,yes,SD008,,,
NODE_361_length_2393_cov_55.970874,g__Klebsiella,g__Klebsiella,no,SD008,NODE_361_length_2393_cov_55.970874,OXA-9,carbapenem; cephalosporin; penam
NODE_361_length_2393_cov_55.970874,g__Klebsiella,g__Klebsiella,no,SD008,NODE_361_length_2393_cov_55.970874,ANT(3'')-IIa,aminoglycoside antibiotic
NODE_378_length_2334_cov_91.406434,g__Klebsiella,g__Klebsiella,yes,SD008,,,
NODE_40_length_40780_cov_117.846924,g__Klebsiella,g__Klebsiella,yes,SD008,,,
NODE_412_length_2187_cov_250.516990,g__Klebsiella,g__Klebsiella,yes,SD008,,,
NODE_506_length_1859_cov_78.939376,g__Klebsiella,g__Klebsiella,yes,SD008,NODE_506_length_1859_cov_78.939376,OXA-1,carbapenem; cephalosporin; penam
NODE_51_length_22797_cov_116.836612,g__Klebsiella,g__Klebsiella,yes,SD008,,,
NODE_56_length_18065_cov_3.121530,g__Klebsiella,g__Klebsiella,yes,SD008,,,
NODE_58_length_16869_cov_119.439314,g__Klebsiella,g__Klebsiella,yes,SD008,,,
NODE_601_length_1599_cov_140.953804,g__Klebsiella,g__Klebsiella,yes,SD008,,,
NODE_655_length_1475_cov_122.574184,g__Klebsiella,g__Klebsiella,yes,SD008,,,
NODE_736_length_1303_cov_268.442177,g__Klebsiella,g__Klebsiella,yes,SD008,,,
NODE_76_length_9451_cov_103.072287,g__Klebsiella,g__Klebsiella,yes,SD008,NODE_76_length_9451_cov_103.072287,tet(A),tetracycline antibiotic
NODE_76_length_9451_cov_103.072287,g__Klebsiella,g__Klebsiella,yes,SD008,NODE_76_length_9451_cov_103.072287,dfrA1,diaminopyrimidine antibiotic
NODE_76_length_9451_cov_103.072287,g__Klebsiella,g__Klebsiella,yes,SD008,NODE_76_length_9451_cov_103.072287,qacEdelta1,disinfecting agents and antiseptics
NODE_76_length_9451_cov_103.072287,g__Klebsiella,g__Klebsiella,yes,SD008,NODE_76_length_9451_cov_103.072287,sul1,sulfonamide antibiotic
NODE_77_length_9421_cov_405.108565,g__Klebsiella,g__Klebsiella,yes,SD008,,,
NODE_80_length_8827_cov_103.304483,g__Klebsiella,g__Klebsiella,yes,SD008,NODE_80_length_8827_cov_103.304483,QnrS1,fluoroquinolone antibiotic
NODE_80_length_8827_cov_103.304483,g__Klebsiella,g__Klebsiella,yes,SD008,NODE_80_length_8827_cov_103.304483,TEM-1,monobactam; cephalosporin; penam; penem
NODE_826_length_1152_cov_97.874146,g__Klebsiella,g__Klebsiella,yes,SD008,,,
NODE_858_length_1112_cov_3.292386,g__Klebsiella,g__Klebsiella,yes,SD008,,,
NODE_88_length_7794_cov_4.640537,g__Klebsiella,g__Klebsiella,yes,SD008,,,
NODE_11733_length_894_cov_2.233377,g__Anaerosacchariphilus,g__Mediterraneibacter,no,Mez,,,
NODE_11733_length_894_cov_2.233377,g__Anaerosacchariphilus,g__Gemmiger,no,Mez,,,
NODE_11733_length_894_cov_2.233377,g__Anaerosacchariphilus,g__Ruthenibacterium,no,Mez,,,
NODE_11733_length_894_cov_2.233377,g__Mediterraneibacter,g__Anaerosacchariphilus,no,Mez,,,
NODE_11733_length_894_cov_2.233377,g__Mediterraneibacter,g__Gemmiger,no,Mez,,,
NODE_11733_length_894_cov_2.233377,g__Mediterraneibacter,g__Ruthenibacterium,no,Mez,,,
NODE_11733_length_894_cov_2.233377,g__Gemmiger,g__Anaerosacchariphilus,no,Mez,,,
NODE_11733_length_894_cov_2.233377,g__Gemmiger,g__Mediterraneibacter,no,Mez,,,
NODE_11733_length_894_cov_2.233377,g__Gemmiger,g__Ruthenibacterium,no,Mez,,,
NODE_11733_length_894_cov_2.233377,g__Ruthenibacterium,g__Anaerosacchariphilus,no,Mez,,,
NODE_11733_length_894_cov_2.233377,g__Ruthenibacterium,g__Mediterraneibacter,no,Mez,,,
NODE_11733_length_894_cov_2.233377,g__Ruthenibacterium,g__Gemmiger,no,Mez,,,
NODE_12983_length_847_cov_4.800000,g__Anaerotignum,g__Anaerotignum,no,Mez,,,
NODE_1303_length_5610_cov_2.173628,g__Gemmiger,g__Anaerotignum,no,Mez,,,
NODE_1303_length_5610_cov_2.173628,g__Anaerotignum,g__Gemmiger,no,Mez,,,
NODE_1408_length_5290_cov_475.570211,g__Anaerotignum,g__CAG-83,no,Mez,,,
NODE_1408_length_5290_cov_475.570211,g__Anaerotignum,g__Ruthenibacterium,no,Mez,,,
NODE_1408_length_5290_cov_475.570211,g__Anaerotignum,g__Mediterraneibacter,no,Mez,,,
NODE_1408_length_5290_cov_475.570211,g__Anaerotignum,g__Anaerosacchariphilus,no,Mez,,,
NODE_1408_length_5290_cov_475.570211,g__Anaerotignum,g__Gemmiger,no,Mez,,,
NODE_1408_length_5290_cov_475.570211,g__CAG-83,g__Anaerotignum,no,Mez,,,
NODE_1408_length_5290_cov_475.570211,g__CAG-83,g__Ruthenibacterium,no,Mez,,,
NODE_1408_length_5290_cov_475.570211,g__CAG-83,g__Mediterraneibacter,no,Mez,,,
NODE_1408_length_5290_cov_475.570211,g__CAG-83,g__Anaerosacchariphilus,no,Mez,,,
NODE_1408_length_5290_cov_475.570211,g__CAG-83,g__Gemmiger,no,Mez,,,
NODE_1408_length_5290_cov_475.570211,g__Ruthenibacterium,g__Anaerotignum,no,Mez,,,
NODE_1408_length_5290_cov_475.570211,g__Ruthenibacterium,g__CAG-83,no,Mez,,,
NODE_1408_length_5290_cov_475.570211,g__Ruthenibacterium,g__Mediterraneibacter,no,Mez,,,
NODE_1408_length_5290_cov_475.570211,g__Ruthenibacterium,g__Anaerosacchariphilus,no,Mez,,,
NODE_1408_length_5290_cov_475.570211,g__Ruthenibacterium,g__Gemmiger,no,Mez,,,
NODE_1408_length_5290_cov_475.570211,g__Mediterraneibacter,g__Anaerotignum,no,Mez,,,
NODE_1408_length_5290_cov_475.570211,g__Mediterraneibacter,g__CAG-83,no,Mez,,,
NODE_1408_length_5290_cov_475.570211,g__Mediterraneibacter,g__Ruthenibacterium,no,Mez,,,
NODE_1408_length_5290_cov_475.570211,g__Mediterraneibacter,g__Anaerosacchariphilus,no,Mez,,,
NODE_1408_length_5290_cov_475.570211,g__Mediterraneibacter,g__Gemmiger,no,Mez,,,
NODE_1408_length_5290_cov_475.570211,g__Anaerosacchariphilus,g__Anaerotignum,no,Mez,,,
NODE_1408_length_5290_cov_475.570211,g__Anaerosacchariphilus,g__CAG-83,no,Mez,,,
NODE_1408_length_5290_cov_475.570211,g__Anaerosacchariphilus,g__Ruthenibacterium,no,Mez,,,
NODE_1408_length_5290_cov_475.570211,g__Anaerosacchariphilus,g__Mediterraneibacter,no,Mez,,,
NODE_1408_length_5290_cov_475.570211,g__Anaerosacchariphilus,g__Gemmiger,no,Mez,,,
NODE_1408_length_5290_cov_475.570211,g__Gemmiger,g__Anaerotignum,no,Mez,,,
NODE_1408_length_5290_cov_475.570211,g__Gemmiger,g__CAG-83,no,Mez,,,
NODE_1408_length_5290_cov_475.570211,g__Gemmiger,g__Ruthenibacterium,no,Mez,,,
NODE_1408_length_5290_cov_475.570211,g__Gemmiger,g__Mediterraneibacter,no,Mez,,,
NODE_1408_length_5290_cov_475.570211,g__Gemmiger,g__Anaerosacchariphilus,no,Mez,,,
NODE_1566_length_4835_cov_28.547366,g__Anaerotignum,g__CAG-83,no,Mez,,,
NODE_1566_length_4835_cov_28.547366,g__Anaerotignum,g__Ruthenibacterium,no,Mez,,,
NODE_1566_length_4835_cov_28.547366,g__Anaerotignum,g__Mediterraneibacter,no,Mez,,,
NODE_1566_length_4835_cov_28.547366,g__Anaerotignum,g__Anaerosacchariphilus,no,Mez,,,
NODE_1566_length_4835_cov_28.547366,g__CAG-83,g__Anaerotignum,no,Mez,,,
NODE_1566_length_4835_cov_28.547366,g__CAG-83,g__Ruthenibacterium,no,Mez,,,
NODE_1566_length_4835_cov_28.547366,g__CAG-83,g__Mediterraneibacter,no,Mez,,,
NODE_1566_length_4835_cov_28.547366,g__CAG-83,g__Anaerosacchariphilus,no,Mez,,,
NODE_1566_length_4835_cov_28.547366,g__Ruthenibacterium,g__Anaerotignum,no,Mez,,,
NODE_1566_length_4835_cov_28.547366,g__Ruthenibacterium,g__CAG-83,no,Mez,,,
NODE_1566_length_4835_cov_28.547366,g__Ruthenibacterium,g__Mediterraneibacter,no,Mez,,,
NODE_1566_length_4835_cov_28.547366,g__Ruthenibacterium,g__Anaerosacchariphilus,no,Mez,,,
NODE_1566_length_4835_cov_28.547366,g__Mediterraneibacter,g__Anaerotignum,no,Mez,,,
NODE_1566_length_4835_cov_28.547366,g__Mediterraneibacter,g__CAG-83,no,Mez,,,
NODE_1566_length_4835_cov_28.547366,g__Mediterraneibacter,g__Ruthenibacterium,no,Mez,,,
NODE_1566_length_4835_cov_28.547366,g__Mediterraneibacter,g__Anaerosacchariphilus,no,Mez,,,
NODE_1566_length_4835_cov_28.547366,g__Anaerosacchariphilus,g__Anaerotignum,no,Mez,,,
NODE_1566_length_4835_cov_28.547366,g__Anaerosacchariphilus,g__CAG-83,no,Mez,,,
NODE_1566_length_4835_cov_28.547366,g__Anaerosacchariphilus,g__Ruthenibacterium,no,Mez,,,
NODE_1566_length_4835_cov_28.547366,g__Anaerosacchariphilus,g__Mediterraneibacter,no,Mez,,,
NODE_15806_length_769_cov_2.054517,g__Gemmiger,g__Gemmiger,no,Mez,,,
NODE_16851_length_745_cov_68.535599,g__Gemmiger,g__Anaerotignum,no,Mez,NODE_16851_length_745_cov_68.535599,ErmB,macrolide antibiotic; lincosamide antibiotic; streptogramin antibiotic; streptogramin A antibiotic; streptogramin B antibiotic
NODE_16851_length_745_cov_68.535599,g__Anaerotignum,g__Gemmiger,no,Mez,NODE_16851_length_745_cov_68.535599,ErmB,macrolide antibiotic; lincosamide antibiotic; streptogramin antibiotic; streptogramin A antibiotic; streptogramin B antibiotic
NODE_1722_length_4457_cov_51.838799,g__Mediterraneibacter,g__Anaerotignum,no,Mez,NODE_1722_length_4457_cov_51.838799,APH(3')-IIIa,aminoglycoside antibiotic
NODE_1722_length_4457_cov_51.838799,g__Mediterraneibacter,g__Anaerotignum,no,Mez,NODE_1722_length_4457_cov_51.838799,SAT-4,nucleoside antibiotic
NODE_1722_length_4457_cov_51.838799,g__Anaerotignum,g__Mediterraneibacter,no,Mez,NODE_1722_length_4457_cov_51.838799,APH(3')-IIIa,aminoglycoside antibiotic
NODE_1722_length_4457_cov_51.838799,g__Anaerotignum,g__Mediterraneibacter,no,Mez,NODE_1722_length_4457_cov_51.838799,SAT-4,nucleoside antibiotic
NODE_17761_length_728_cov_1.039933,g__Gemmiger,g__Gemmiger,no,Mez,,,
NODE_20304_length_683_cov_1.926259,g__Mediterraneibacter,g__Mediterraneibacter,no,Mez,,,
NODE_2335_length_3336_cov_7.773761,g__Anaerosacchariphilus,g__Mediterraneibacter,no,Mez,,,
NODE_2335_length_3336_cov_7.773761,g__Anaerosacchariphilus,g__Gemmiger,no,Mez,,,
NODE_2335_length_3336_cov_7.773761,g__Anaerosacchariphilus,g__Anaerotignum,no,Mez,,,
NODE_2335_length_3336_cov_7.773761,g__Mediterraneibacter,g__Anaerosacchariphilus,no,Mez,,,
NODE_2335_length_3336_cov_7.773761,g__Mediterraneibacter,g__Gemmiger,no,Mez,,,
NODE_2335_length_3336_cov_7.773761,g__Mediterraneibacter,g__Anaerotignum,no,Mez,,,
NODE_2335_length_3336_cov_7.773761,g__Gemmiger,g__Anaerosacchariphilus,no,Mez,,,
NODE_2335_length_3336_cov_7.773761,g__Gemmiger,g__Mediterraneibacter,no,Mez,,,
NODE_2335_length_3336_cov_7.773761,g__Gemmiger,g__Anaerotignum,no,Mez,,,
NODE_2335_length_3336_cov_7.773761,g__Anaerotignum,g__Anaerosacchariphilus,no,Mez,,,
NODE_2335_length_3336_cov_7.773761,g__Anaerotignum,g__Mediterraneibacter,no,Mez,,,
NODE_2335_length_3336_cov_7.773761,g__Anaerotignum,g__Gemmiger,no,Mez,,,
NODE_2423_length_3227_cov_4.442581,g__Ruthenibacterium,g__Anaerosacchariphilus,no,Mez,,,
NODE_2423_length_3227_cov_4.442581,g__Ruthenibacterium,g__Gemmiger,no,Mez,,,
NODE_2423_length_3227_cov_4.442581,g__Ruthenibacterium,g__Anaerotignum,no,Mez,,,
NODE_2423_length_3227_cov_4.442581,g__Anaerosacchariphilus,g__Ruthenibacterium,no,Mez,,,
NODE_2423_length_3227_cov_4.442581,g__Anaerosacchariphilus,g__Gemmiger,no,Mez,,,
NODE_2423_length_3227_cov_4.442581,g__Anaerosacchariphilus,g__Anaerotignum,no,Mez,,,
NODE_2423_length_3227_cov_4.442581,g__Gemmiger,g__Ruthenibacterium,no,Mez,,,
NODE_2423_length_3227_cov_4.442581,g__Gemmiger,g__Anaerosacchariphilus,no,Mez,,,
NODE_2423_length_3227_cov_4.442581,g__Gemmiger,g__Anaerotignum,no,Mez,,,
NODE_2423_length_3227_cov_4.442581,g__Anaerotignum,g__Ruthenibacterium,no,Mez,,,
NODE_2423_length_3227_cov_4.442581,g__Anaerotignum,g__Anaerosacchariphilus,no,Mez,,,
NODE_2423_length_3227_cov_4.442581,g__Anaerotignum,g__Gemmiger,no,Mez,,,
NODE_2538_length_3089_cov_24.371708,g__Ruthenibacterium,g__Anaerosacchariphilus,no,Mez,,,
NODE_2538_length_3089_cov_24.371708,g__Anaerosacchariphilus,g__Ruthenibacterium,no,Mez,,,
NODE_27369_length_596_cov_2.411514,g__Anaerosacchariphilus,g__Anaerosacchariphilus,no,Mez,,,
NODE_28968_length_581_cov_2.301762,g__Mediterraneibacter,g__Mediterraneibacter,no,Mez,,,
NODE_3267_length_2400_cov_4.702596,g__Ruthenibacterium,g__Mediterraneibacter,no,Mez,,,
NODE_3267_length_2400_cov_4.702596,g__Ruthenibacterium,g__Anaerosacchariphilus,no,Mez,,,
NODE_3267_length_2400_cov_4.702596,g__Mediterraneibacter,g__Ruthenibacterium,no,Mez,,,
NODE_3267_length_2400_cov_4.702596,g__Mediterraneibacter,g__Anaerosacchariphilus,no,Mez,,,
NODE_3267_length_2400_cov_4.702596,g__Anaerosacchariphilus,g__Ruthenibacterium,no,Mez,,,
NODE_3267_length_2400_cov_4.702596,g__Anaerosacchariphilus,g__Mediterraneibacter,no,Mez,,,
NODE_33210_length_545_cov_2.444976,g__Ruthenibacterium,g__Ruthenibacterium,no,Mez,,,
NODE_3340_length_2342_cov_6.780587,g__Ruthenibacterium,g__Gemmiger,no,Mez,,,
NODE_3340_length_2342_cov_6.780587,g__Gemmiger,g__Ruthenibacterium,no,Mez,,,
NODE_35418_length_529_cov_5.164179,g__Mediterraneibacter,g__Mediterraneibacter,no,Mez,,,
NODE_36534_length_522_cov_2.124051,g__Anaerotignum,g__Anaerotignum,no,Mez,,,
NODE_37937_length_513_cov_3.297927,g__Ruthenibacterium,g__Anaerotignum,no,Mez,,,
NODE_37937_length_513_cov_3.297927,g__Anaerotignum,g__Ruthenibacterium,no,Mez,,,
NODE_3872_length_2030_cov_5.935365,g__Anaerotignum,g__Anaerotignum,no,Mez,,,
NODE_4335_length_1811_cov_7.640736,g__Ruthenibacterium,g__Anaerotignum,no,Mez,,,
NODE_4335_length_1811_cov_7.640736,g__Anaerotignum,g__Ruthenibacterium,no,Mez,,,
NODE_48834_length_456_cov_3.933131,g__Mediterraneibacter,g__Mediterraneibacter,no,Mez,,,
NODE_5121_length_1560_cov_6.989532,g__Ruthenibacterium,g__Ruthenibacterium,no,Mez,,,
NODE_5472_length_1478_cov_4.846780,g__Mediterraneibacter,g__Mediterraneibacter,no,Mez,,,
NODE_5669_length_1436_cov_4.503438,g__Mediterraneibacter,g__Anaerosacchariphilus,no,Mez,,,
NODE_5669_length_1436_cov_4.503438,g__Anaerosacchariphilus,g__Mediterraneibacter,no,Mez,,,
NODE_6106_length_1355_cov_11.074104,g__Anaerosacchariphilus,g__Anaerosacchariphilus,no,Mez,,,
NODE_6995_length_1222_cov_2.593607,g__Ruthenibacterium,g__Ruthenibacterium,no,Mez,,,
NODE_7081_length_1213_cov_8.448435,g__Mediterraneibacter,g__Anaerosacchariphilus,no,Mez,,,
NODE_7081_length_1213_cov_8.448435,g__Mediterraneibacter,g__Ruthenibacterium,no,Mez,,,
NODE_7081_length_1213_cov_8.448435,g__Anaerosacchariphilus,g__Mediterraneibacter,no,Mez,,,
NODE_7081_length_1213_cov_8.448435,g__Anaerosacchariphilus,g__Ruthenibacterium,no,Mez,,,
NODE_7081_length_1213_cov_8.448435,g__Ruthenibacterium,g__Mediterraneibacter,no,Mez,,,
NODE_7081_length_1213_cov_8.448435,g__Ruthenibacterium,g__Anaerosacchariphilus,no,Mez,,,
NODE_7589_length_1160_cov_41.657309,g__Ruthenibacterium,g__Anaerosacchariphilus,no,Mez,,,
NODE_7589_length_1160_cov_41.657309,g__Anaerosacchariphilus,g__Ruthenibacterium,no,Mez,,,
NODE_7726_length_1144_cov_32.875123,g__Mediterraneibacter,g__Anaerosacchariphilus,no,Mez,,,
NODE_7726_length_1144_cov_32.875123,g__Mediterraneibacter,g__Ruthenibacterium,no,Mez,,,
NODE_7726_length_1144_cov_32.875123,g__Anaerosacchariphilus,g__Mediterraneibacter,no,Mez,,,
NODE_7726_length_1144_cov_32.875123,g__Anaerosacchariphilus,g__Ruthenibacterium,no,Mez,,,
NODE_7726_length_1144_cov_32.875123,g__Ruthenibacterium,g__Mediterraneibacter,no,Mez,,,
NODE_7726_length_1144_cov_32.875123,g__Ruthenibacterium,g__Anaerosacchariphilus,no,Mez,,,
NODE_8154_length_1107_cov_30.623469,g__CAG-83,g__Mediterraneibacter,no,Mez,,,
NODE_8154_length_1107_cov_30.623469,g__Mediterraneibacter,g__CAG-83,no,Mez,,,
NODE_1008_length_2114_cov_86.409663,g__Acutalibacter,g__Acutalibacter,no,IL,,,
NODE_1040_length_2085_cov_7.085291,g__Acutalibacter,g__Acutalibacter,no,IL,,,
NODE_1057_length_2070_cov_99.432836,g__Acutalibacter,g__Acutalibacter,no,IL,,,
NODE_1084_length_2048_cov_59.753254,g__Acutalibacter,g__Acutalibacter,no,IL,,,
NODE_1220_length_1938_cov_110.320817,g__Acutalibacter,g__Acutalibacter,no,IL,,,
NODE_126_length_8626_cov_140.449465,g__Acutalibacter,g__Acutalibacter,no,IL,NODE_126_length_8626_cov_140.449465,SAT-4,nucleoside antibiotic
NODE_1365_length_1844_cov_2.626092,g__Acutalibacter,g__Acutalibacter,no,IL,,,
NODE_14771_length_709_cov_27.546392,g__Acutalibacter,g__Acutalibacter,no,IL,,,
NODE_1562_length_1727_cov_51.093125,g__Acutalibacter,g__Acutalibacter,no,IL,,,
NODE_1601_length_1708_cov_429.908286,g__Acutalibacter,g__Acutalibacter,no,IL,,,
NODE_1727_length_1654_cov_44.707269,g__Acutalibacter,g__Acutalibacter,no,IL,,,
NODE_1766_length_1642_cov_28.180858,g__Acutalibacter,g__Acutalibacter,no,IL,,,
NODE_1961_length_1575_cov_163.879144,g__Acutalibacter,g__Acutalibacter,no,IL,,,
NODE_2026_length_1556_cov_60.521344,g__Acutalibacter,g__Acutalibacter,no,IL,,,
NODE_2266_length_1490_cov_19.863536,g__Acutalibacter,g__Acutalibacter,no,IL,,,
NODE_230_length_5934_cov_454.773549,g__Acutalibacter,g__Acutalibacter,no,IL,,,
NODE_2360_length_1466_cov_69.569081,g__Acutalibacter,g__Acutalibacter,no,IL,,,
NODE_2589_length_1411_cov_252.421340,g__Acutalibacter,g__Acutalibacter,no,IL,,,
NODE_2692_length_1391_cov_30.393196,g__Acutalibacter,g__Acutalibacter,no,IL,,,
NODE_2784_length_1373_cov_156.497592,g__Acutalibacter,g__Acutalibacter,no,IL,,,
NODE_280_length_5107_cov_131.862249,g__Acutalibacter,g__Acutalibacter,no,IL,,,
NODE_289_length_5038_cov_6.434738,g__Acutalibacter,g__Acutalibacter,no,IL,NODE_289_length_5038_cov_6.434738,vanH gene in vanA cluster,glycopeptide antibiotic
NODE_289_length_5038_cov_6.434738,g__Acutalibacter,g__Acutalibacter,no,IL,NODE_289_length_5038_cov_6.434738,vanS gene in vanA cluster,glycopeptide antibiotic
NODE_289_length_5038_cov_6.434738,g__Acutalibacter,g__Acutalibacter,no,IL,NODE_289_length_5038_cov_6.434738,vanR gene in vanA cluster,glycopeptide antibiotic
NODE_2972_length_1339_cov_292.787954,g__Acutalibacter,g__Acutalibacter,no,IL,,,
NODE_2995_length_1334_cov_109.847556,g__Acutalibacter,g__Acutalibacter,no,IL,NODE_2995_length_1334_cov_109.847556,dfrA1,diaminopyrimidine antibiotic
NODE_3021_length_1329_cov_294.760399,g__Acutalibacter,g__Acutalibacter,no,IL,,,
NODE_3216_length_1296_cov_110.109495,g__Acutalibacter,g__Acutalibacter,no,IL,,,
NODE_3409_length_1261_cov_92.122575,g__Acutalibacter,g__Acutalibacter,no,IL,,,
NODE_3425_length_1260_cov_30.142101,g__Acutalibacter,g__Acutalibacter,no,IL,,,
NODE_3456_length_1256_cov_47.048716,g__Acutalibacter,g__Acutalibacter,no,IL,,,
NODE_3512_length_1249_cov_116.770945,g__Acutalibacter,g__Acutalibacter,no,IL,,,
NODE_3606_length_1237_cov_171.727027,g__Acutalibacter,g__Acutalibacter,no,IL,,,
NODE_3712_length_1222_cov_131.001826,g__Acutalibacter,g__Acutalibacter,no,IL,,,
NODE_37769_length_478_cov_47.245014,g__Acutalibacter,g__Acutalibacter,no,IL,,,
NODE_377_length_4114_cov_71.551041,g__Acutalibacter,g__Acutalibacter,no,IL,,,
NODE_3827_length_1210_cov_41.923361,g__Acutalibacter,g__Acutalibacter,no,IL,,,
NODE_3958_length_1196_cov_37.026193,g__Acutalibacter,g__Acutalibacter,no,IL,,,
NODE_4038_length_1186_cov_110.305949,g__Acutalibacter,g__Acutalibacter,no,IL,,,
NODE_414_length_3818_cov_18.284476,g__Acutalibacter,g__Acutalibacter,no,IL,,,
NODE_4186_length_1168_cov_314.905860,g__Acutalibacter,g__Acutalibacter,no,IL,,,
NODE_4213_length_1166_cov_119.972089,g__Acutalibacter,g__Acutalibacter,no,IL,NODE_4213_length_1166_cov_119.972089,APH(3'')-Ib,aminoglycoside antibiotic
NODE_4237_length_1163_cov_48.210425,g__Acutalibacter,g__Acutalibacter,no,IL,,,
NODE_4362_length_1149_cov_24.762231,g__Acutalibacter,g__Acutalibacter,no,IL,,,
NODE_4500_length_1135_cov_150.473214,g__Acutalibacter,g__Acutalibacter,no,IL,,,
NODE_474_length_3438_cov_53.662338,g__Acutalibacter,g__Acutalibacter,no,IL,NODE_474_length_3438_cov_53.662338,mphE,macrolide antibiotic
NODE_4947_length_1090_cov_27.419522,g__Acutalibacter,g__Acutalibacter,no,IL,,,
NODE_507_length_3236_cov_132.189128,g__Acutalibacter,g__Acutalibacter,no,IL,,,
NODE_5376_length_1054_cov_35.489752,g__Acutalibacter,g__Acutalibacter,no,IL,,,
NODE_539_length_3039_cov_55.167239,g__Acutalibacter,g__Acutalibacter,no,IL,,,
NODE_5460_length_1047_cov_33.464130,g__Acutalibacter,g__Acutalibacter,no,IL,,,
NODE_574_length_2935_cov_23.405627,g__Acutalibacter,g__Acutalibacter,no,IL,,,
NODE_5895_length_1014_cov_198.416009,g__Acutalibacter,g__Acutalibacter,no,IL,,,
NODE_602_length_2806_cov_84.300485,g__Acutalibacter,g__Acutalibacter,no,IL,,,
NODE_616_length_2756_cov_114.816660,g__Acutalibacter,g__Acutalibacter,no,IL,,,
NODE_628_length_2720_cov_40.977246,g__Acutalibacter,g__Acutalibacter,no,IL,,,
NODE_644_length_2695_cov_147.800234,g__Acutalibacter,g__Acutalibacter,no,IL,,,
NODE_677_length_2617_cov_154.771486,g__Acutalibacter,g__Acutalibacter,no,IL,,,
NODE_692_length_2576_cov_85.679869,g__Acutalibacter,g__Acutalibacter,no,IL,,,
NODE_7003_length_949_cov_36.298054,g__Acutalibacter,g__Acutalibacter,no,IL,,,
NODE_7497_length_926_cov_35.419274,g__Acutalibacter,g__Acutalibacter,no,IL,,,
NODE_8579_length_881_cov_157.000000,g__Acutalibacter,g__Acutalibacter,no,IL,NODE_8579_length_881_cov_157.000000,TEM-150,monobactam; cephalosporin; penam; penem
NODE_881_length_2273_cov_17.520037,g__Acutalibacter,g__Acutalibacter,no,IL,,,
NODE_889_length_2265_cov_69.640786,g__Acutalibacter,g__Acutalibacter,no,IL,,,
NODE_9170_length_859_cov_42.631148,g__Acutalibacter,g__Acutalibacter,no,IL,,,
NODE_947_length_2185_cov_229.141885,g__Acutalibacter,g__Acutalibacter,no,IL,,,
NODE_952_length_2176_cov_104.519278,g__Acutalibacter,g__Acutalibacter,no,IL,,,
NODE_1005_length_5949_cov_5.254552,g__Enterococcus_B,g__Enterococcus_B,no,SD009,,,
NODE_1019_length_5844_cov_26.754592,g__Escherichia,g__Escherichia,no,SD009,,,
NODE_1070_length_5503_cov_4.317336,g__Escherichia,g__Escherichia,yes,SD009,,,
NODE_1099_length_5356_cov_2.953337,g__Escherichia,g__Escherichia,yes,SD009,NODE_1099_length_5356_cov_2.953337,acrD,aminoglycoside antibiotic
NODE_1126_length_5243_cov_8.054144,g__Escherichia,g__Escherichia,yes,SD009,,,
NODE_1127_length_5237_cov_19.733072,g__UMGS775,g__Enterococcus_B,no,SD009,NODE_1127_length_5237_cov_19.733072,APH(3')-VI,aminoglycoside antibiotic
NODE_1127_length_5237_cov_19.733072,g__Enterococcus_B,g__UMGS775,no,SD009,NODE_1127_length_5237_cov_19.733072,APH(3')-VI,aminoglycoside antibiotic
NODE_1158_length_4996_cov_4.260628,g__Escherichia,g__Escherichia,yes,SD009,,,
NODE_1169_length_4940_cov_4.207147,g__Escherichia,g__Escherichia,yes,SD009,,,
NODE_1177_length_4915_cov_15.646408,g__UMGS775,g__Klebsiella,no,SD009,,,
NODE_1177_length_4915_cov_15.646408,g__UMGS775,g__Enterococcus_B,no,SD009,,,
NODE_1177_length_4915_cov_15.646408,g__Klebsiella,g__UMGS775,no,SD009,,,
NODE_1177_length_4915_cov_15.646408,g__Klebsiella,g__Enterococcus_B,no,SD009,,,
NODE_1177_length_4915_cov_15.646408,g__Enterococcus_B,g__UMGS775,no,SD009,,,
NODE_1177_length_4915_cov_15.646408,g__Enterococcus_B,g__Klebsiella,no,SD009,,,
NODE_1179_length_4911_cov_28.599916,g__UMGS775,g__Klebsiella,yes,SD009,NODE_1179_length_4911_cov_28.599916,OXA-48,carbapenem; cephalosporin; penam
NODE_1179_length_4911_cov_28.599916,g__UMGS775,g__Enterococcus_B,yes,SD009,NODE_1179_length_4911_cov_28.599916,OXA-48,carbapenem; cephalosporin; penam
NODE_1179_length_4911_cov_28.599916,g__Klebsiella,g__UMGS775,yes,SD009,NODE_1179_length_4911_cov_28.599916,OXA-48,carbapenem; cephalosporin; penam
NODE_1179_length_4911_cov_28.599916,g__Klebsiella,g__Enterococcus_B,yes,SD009,NODE_1179_length_4911_cov_28.599916,OXA-48,carbapenem; cephalosporin; penam
NODE_1179_length_4911_cov_28.599916,g__Enterococcus_B,g__UMGS775,yes,SD009,NODE_1179_length_4911_cov_28.599916,OXA-48,carbapenem; cephalosporin; penam
NODE_1179_length_4911_cov_28.599916,g__Enterococcus_B,g__Klebsiella,yes,SD009,NODE_1179_length_4911_cov_28.599916,OXA-48,carbapenem; cephalosporin; penam
NODE_1185_length_4879_cov_50.116793,g__UMGS775,g__Enterococcus_B,no,SD009,,,
NODE_1185_length_4879_cov_50.116793,g__Enterococcus_B,g__UMGS775,no,SD009,,,
NODE_1198_length_4766_cov_2.396637,g__Escherichia,g__Escherichia,yes,SD009,NODE_1198_length_4766_cov_2.396637,evgS,macrolide antibiotic; fluoroquinolone antibiotic; penam; tetracycline antibiotic
NODE_1245_length_4562_cov_4.220970,g__Escherichia,g__Escherichia,yes,SD009,,,
NODE_1248_length_4540_cov_25.370043,g__UMGS775,g__UMGS775,no,SD009,,,
NODE_1285_length_4346_cov_2.634511,g__Escherichia,g__Escherichia,yes,SD009,,,
NODE_1300_length_4294_cov_254.665947,g__Borkfalkia,g__Klebsiella,yes,SD009,,,
NODE_1300_length_4294_cov_254.665947,g__Borkfalkia,g__Escherichia,yes,SD009,,,
NODE_1300_length_4294_cov_254.665947,g__Borkfalkia,g__Enterococcus_B,yes,SD009,,,
NODE_1300_length_4294_cov_254.665947,g__Borkfalkia,g__UMGS775,yes,SD009,,,
NODE_1300_length_4294_cov_254.665947,g__Klebsiella,g__Borkfalkia,yes,SD009,,,
NODE_1300_length_4294_cov_254.665947,g__Klebsiella,g__Escherichia,yes,SD009,,,
NODE_1300_length_4294_cov_254.665947,g__Klebsiella,g__Enterococcus_B,yes,SD009,,,
NODE_1300_length_4294_cov_254.665947,g__Klebsiella,g__UMGS775,yes,SD009,,,
NODE_1300_length_4294_cov_254.665947,g__Escherichia,g__Borkfalkia,yes,SD009,,,
NODE_1300_length_4294_cov_254.665947,g__Escherichia,g__Klebsiella,yes,SD009,,,
NODE_1300_length_4294_cov_254.665947,g__Escherichia,g__Enterococcus_B,yes,SD009,,,
NODE_1300_length_4294_cov_254.665947,g__Escherichia,g__UMGS775,yes,SD009,,,
NODE_1300_length_4294_cov_254.665947,g__Enterococcus_B,g__Borkfalkia,yes,SD009,,,
NODE_1300_length_4294_cov_254.665947,g__Enterococcus_B,g__Klebsiella,yes,SD009,,,
NODE_1300_length_4294_cov_254.665947,g__Enterococcus_B,g__Escherichia,yes,SD009,,,
NODE_1300_length_4294_cov_254.665947,g__Enterococcus_B,g__UMGS775,yes,SD009,,,
NODE_1300_length_4294_cov_254.665947,g__UMGS775,g__Borkfalkia,yes,SD009,,,
NODE_1300_length_4294_cov_254.665947,g__UMGS775,g__Klebsiella,yes,SD009,,,
NODE_1300_length_4294_cov_254.665947,g__UMGS775,g__Escherichia,yes,SD009,,,
NODE_1300_length_4294_cov_254.665947,g__UMGS775,g__Enterococcus_B,yes,SD009,,,
NODE_1338_length_4162_cov_12.785626,g__UMGS775,g__Enterococcus_B,no,SD009,,,
NODE_1338_length_4162_cov_12.785626,g__Enterococcus_B,g__UMGS775,no,SD009,,,
NODE_133_length_28377_cov_2.821168,g__Escherichia,g__Escherichia,yes,SD009,,,
NODE_1358_length_4086_cov_4.539278,g__Escherichia,g__Escherichia,yes,SD009,,,
NODE_1370_length_4047_cov_9.560204,g__Escherichia,g__Escherichia,yes,SD009,,,
NODE_1426_length_3834_cov_4.347721,g__Enterococcus_B,g__Enterococcus_B,no,SD009,,,
NODE_147_length_25894_cov_18.976831,g__Enterococcus_B,g__UMGS775,yes,SD009,,,
NODE_147_length_25894_cov_18.976831,g__Enterococcus_B,g__Klebsiella,yes,SD009,,,
NODE_147_length_25894_cov_18.976831,g__UMGS775,g__Enterococcus_B,yes,SD009,,,
NODE_147_length_25894_cov_18.976831,g__UMGS775,g__Klebsiella,yes,SD009,,,
NODE_147_length_25894_cov_18.976831,g__Klebsiella,g__Enterococcus_B,yes,SD009,,,
NODE_147_length_25894_cov_18.976831,g__Klebsiella,g__UMGS775,yes,SD009,,,
NODE_1506_length_3556_cov_2.683581,g__Escherichia,g__Escherichia,yes,SD009,,,
NODE_1508_length_3551_cov_2.799065,g__Escherichia,g__Escherichia,yes,SD009,,,
NODE_1526_length_3495_cov_2.566211,g__Escherichia,g__Escherichia,yes,SD009,,,
NODE_1530_length_3487_cov_6.290774,g__Enterococcus_B,g__Enterococcus_B,no,SD009,,,
NODE_1609_length_3256_cov_4.666027,g__Enterococcus_B,g__Enterococcus_B,no,SD009,,,
NODE_1632_length_3221_cov_2.868455,g__Escherichia,g__Escherichia,no,SD009,,,
NODE_1650_length_3181_cov_4.041585,g__Escherichia,g__Escherichia,yes,SD009,,,
NODE_1655_length_3173_cov_3.366382,g__Escherichia,g__Escherichia,no,SD009,,,
NODE_1700_length_3071_cov_8.973505,g__Enterococcus_B,g__Enterococcus_B,no,SD009,,,
NODE_1724_length_3015_cov_5.297784,g__Escherichia,g__Escherichia,yes,SD009,,,
NODE_1729_length_2987_cov_68.780420,g__UMGS775,g__Klebsiella,no,SD009,,,
NODE_1729_length_2987_cov_68.780420,g__UMGS775,g__Enterococcus_B,no,SD009,,,
NODE_1729_length_2987_cov_68.780420,g__Klebsiella,g__UMGS775,no,SD009,,,
NODE_1729_length_2987_cov_68.780420,g__Klebsiella,g__Enterococcus_B,no,SD009,,,
NODE_1729_length_2987_cov_68.780420,g__Enterococcus_B,g__UMGS775,no,SD009,,,
NODE_1729_length_2987_cov_68.780420,g__Enterococcus_B,g__Klebsiella,no,SD009,,,
NODE_1754_length_2933_cov_6.820385,g__Escherichia,g__Escherichia,yes,SD009,,,
NODE_17_length_112943_cov_27.678450,g__Enterococcus_B,g__Escherichia,yes,SD009,,,
NODE_17_length_112943_cov_27.678450,g__Enterococcus_B,g__UMGS775,yes,SD009,,,
NODE_17_length_112943_cov_27.678450,g__Enterococcus_B,g__Klebsiella,yes,SD009,,,
NODE_17_length_112943_cov_27.678450,g__Escherichia,g__Enterococcus_B,yes,SD009,,,
NODE_17_length_112943_cov_27.678450,g__Escherichia,g__UMGS775,yes,SD009,,,
NODE_17_length_112943_cov_27.678450,g__Escherichia,g__Klebsiella,yes,SD009,,,
NODE_17_length_112943_cov_27.678450,g__UMGS775,g__Enterococcus_B,yes,SD009,,,
NODE_17_length_112943_cov_27.678450,g__UMGS775,g__Escherichia,yes,SD009,,,
NODE_17_length_112943_cov_27.678450,g__UMGS775,g__Klebsiella,yes,SD009,,,
NODE_17_length_112943_cov_27.678450,g__Klebsiella,g__Enterococcus_B,yes,SD009,,,
NODE_17_length_112943_cov_27.678450,g__Klebsiella,g__Escherichia,yes,SD009,,,
NODE_17_length_112943_cov_27.678450,g__Klebsiella,g__UMGS775,yes,SD009,,,
NODE_1841_length_2769_cov_7.504921,g__Escherichia,g__Escherichia,yes,SD009,,,
NODE_1870_length_2725_cov_2.195150,g__Escherichia,g__Escherichia,yes,SD009,,,
NODE_1889_length_2699_cov_20.412519,g__Enterococcus_B,g__Enterococcus_B,no,SD009,NODE_1889_length_2699_cov_20.412519,arr-3,rifamycin antibiotic
NODE_1889_length_2699_cov_20.412519,g__Enterococcus_B,g__Enterococcus_B,no,SD009,NODE_1889_length_2699_cov_20.412519,catB3,phenicol antibiotic
NODE_1889_length_2699_cov_20.412519,g__Enterococcus_B,g__Enterococcus_B,no,SD009,NODE_1889_length_2699_cov_20.412519,OXA-1,carbapenem; cephalosporin; penam
NODE_1948_length_2600_cov_1.833805,g__Escherichia,g__Escherichia,yes,SD009,,,
NODE_1965_length_2581_cov_11.876528,g__Escherichia,g__Escherichia,yes,SD009,,,
NODE_1984_length_2558_cov_1.322501,g__Escherichia,g__Escherichia,no,SD009,,,
NODE_2002_length_2533_cov_11.884456,g__Escherichia,g__Escherichia,no,SD009,,,
NODE_2067_length_2449_cov_5.163652,g__Escherichia,g__Escherichia,yes,SD009,,,
NODE_2121_length_2377_cov_2.394667,g__Escherichia,g__Escherichia,no,SD009,,,
NODE_2167_length_2345_cov_36.956718,g__Enterococcus_B,g__Klebsiella,no,SD009,,,
NODE_2167_length_2345_cov_36.956718,g__Klebsiella,g__Enterococcus_B,no,SD009,,,
NODE_2203_length_2303_cov_1.708640,g__Escherichia,g__Escherichia,yes,SD009,,,
NODE_2262_length_2247_cov_2.884434,g__Escherichia,g__Escherichia,yes,SD009,,,
NODE_2338_length_2187_cov_4.137379,g__Escherichia,g__Escherichia,yes,SD009,,,
NODE_2353_length_2176_cov_4.886774,g__Enterococcus_B,g__Enterococcus_B,no,SD009,,,
NODE_23_length_89080_cov_17.233640,g__Escherichia,g__UMGS775,yes,SD009,,,
NODE_23_length_89080_cov_17.233640,g__Escherichia,g__Klebsiella,yes,SD009,,,
NODE_23_length_89080_cov_17.233640,g__Escherichia,g__Enterococcus_B,yes,SD009,,,
NODE_23_length_89080_cov_17.233640,g__UMGS775,g__Escherichia,yes,SD009,,,
NODE_23_length_89080_cov_17.233640,g__UMGS775,g__Klebsiella,yes,SD009,,,
NODE_23_length_89080_cov_17.233640,g__UMGS775,g__Enterococcus_B,yes,SD009,,,
NODE_23_length_89080_cov_17.233640,g__Klebsiella,g__Escherichia,yes,SD009,,,
NODE_23_length_89080_cov_17.233640,g__Klebsiella,g__UMGS775,yes,SD009,,,
NODE_23_length_89080_cov_17.233640,g__Klebsiella,g__Enterococcus_B,yes,SD009,,,
NODE_23_length_89080_cov_17.233640,g__Enterococcus_B,g__Escherichia,yes,SD009,,,
NODE_23_length_89080_cov_17.233640,g__Enterococcus_B,g__UMGS775,yes,SD009,,,
NODE_23_length_89080_cov_17.233640,g__Enterococcus_B,g__Klebsiella,yes,SD009,,,
NODE_2405_length_2125_cov_7.580581,g__Enterococcus_B,g__Enterococcus_B,no,SD009,,,
NODE_2408_length_2123_cov_5.168337,g__Enterococcus_B,g__Enterococcus_B,no,SD009,,,
NODE_2422_length_2112_cov_9.935013,g__Escherichia,g__Escherichia,yes,SD009,,,
NODE_246_length_19384_cov_22.546451,g__Escherichia,g__UMGS775,yes,SD009,,,
NODE_246_length_19384_cov_22.546451,g__Escherichia,g__Klebsiella,yes,SD009,,,
NODE_246_length_19384_cov_22.546451,g__Escherichia,g__Enterococcus_B,yes,SD009,,,
NODE_246_length_19384_cov_22.546451,g__UMGS775,g__Escherichia,yes,SD009,,,
NODE_246_length_19384_cov_22.546451,g__UMGS775,g__Klebsiella,yes,SD009,,,
NODE_246_length_19384_cov_22.546451,g__UMGS775,g__Enterococcus_B,yes,SD009,,,
NODE_246_length_19384_cov_22.546451,g__Klebsiella,g__Escherichia,yes,SD009,,,
NODE_246_length_19384_cov_22.546451,g__Klebsiella,g__UMGS775,yes,SD009,,,
NODE_246_length_19384_cov_22.546451,g__Klebsiella,g__Enterococcus_B,yes,SD009,,,
NODE_246_length_19384_cov_22.546451,g__Enterococcus_B,g__Escherichia,yes,SD009,,,
NODE_246_length_19384_cov_22.546451,g__Enterococcus_B,g__UMGS775,yes,SD009,,,
NODE_246_length_19384_cov_22.546451,g__Enterococcus_B,g__Klebsiella,yes,SD009,,,
NODE_2482_length_2071_cov_3.188786,g__Escherichia,g__Escherichia,yes,SD009,,,
NODE_2497_length_2054_cov_1.531396,g__Escherichia,g__Escherichia,yes,SD009,,,
NODE_2525_length_2036_cov_10.526977,g__Escherichia,g__Escherichia,yes,SD009,,,
NODE_2547_length_2020_cov_17.701532,g__Enterococcus_B,g__Enterococcus_B,no,SD009,,,
NODE_2593_length_1990_cov_2.712829,g__Escherichia,g__Escherichia,no,SD009,,,
NODE_2761_length_1894_cov_266.502547,g__Enterococcus_B,g__UMGS775,yes,SD009,,,
NODE_2761_length_1894_cov_266.502547,g__Enterococcus_B,g__Klebsiella,yes,SD009,,,
NODE_2761_length_1894_cov_266.502547,g__UMGS775,g__Enterococcus_B,yes,SD009,,,
NODE_2761_length_1894_cov_266.502547,g__UMGS775,g__Klebsiella,yes,SD009,,,
NODE_2761_length_1894_cov_266.502547,g__Klebsiella,g__Enterococcus_B,yes,SD009,,,
NODE_2761_length_1894_cov_266.502547,g__Klebsiella,g__UMGS775,yes,SD009,,,
NODE_276_length_18136_cov_36.162530,g__Enterococcus_B,g__UMGS775,yes,SD009,,,
NODE_276_length_18136_cov_36.162530,g__Enterococcus_B,g__Klebsiella,yes,SD009,,,
NODE_276_length_18136_cov_36.162530,g__UMGS775,g__Enterococcus_B,yes,SD009,,,
NODE_276_length_18136_cov_36.162530,g__UMGS775,g__Klebsiella,yes,SD009,,,
NODE_276_length_18136_cov_36.162530,g__Klebsiella,g__Enterococcus_B,yes,SD009,,,
NODE_276_length_18136_cov_36.162530,g__Klebsiella,g__UMGS775,yes,SD009,,,
NODE_2799_length_1868_cov_5.639288,g__Escherichia,g__Escherichia,yes,SD009,,,
NODE_2888_length_1824_cov_5.048321,g__Escherichia,g__Escherichia,yes,SD009,,,
NODE_2932_length_1800_cov_3.362224,g__Escherichia,g__Escherichia,yes,SD009,,,
NODE_2940_length_1792_cov_42.255255,g__Enterococcus_B,g__Enterococcus_B,no,SD009,,,
NODE_2987_length_1772_cov_76.096657,g__UMGS775,g__Enterococcus_B,no,SD009,,,
NODE_2987_length_1772_cov_76.096657,g__Enterococcus_B,g__UMGS775,no,SD009,,,
NODE_3017_length_1761_cov_5.027540,g__Enterococcus_B,g__Enterococcus_B,no,SD009,,,
NODE_3070_length_1739_cov_2.084988,g__Escherichia,g__Escherichia,yes,SD009,,,
NODE_3137_length_1713_cov_3.365069,g__Enterococcus_B,g__Enterococcus_B,no,SD009,,,
NODE_3209_length_1679_cov_523.516753,g__Escherichia,g__UMGS775,no,SD009,,,
NODE_3209_length_1679_cov_523.516753,g__Escherichia,g__Klebsiella,no,SD009,,,
NODE_3209_length_1679_cov_523.516753,g__Escherichia,g__Enterococcus_B,no,SD009,,,
NODE_3209_length_1679_cov_523.516753,g__UMGS775,g__Escherichia,no,SD009,,,
NODE_3209_length_1679_cov_523.516753,g__UMGS775,g__Klebsiella,no,SD009,,,
NODE_3209_length_1679_cov_523.516753,g__UMGS775,g__Enterococcus_B,no,SD009,,,
NODE_3209_length_1679_cov_523.516753,g__Klebsiella,g__Escherichia,no,SD009,,,
NODE_3209_length_1679_cov_523.516753,g__Klebsiella,g__UMGS775,no,SD009,,,
NODE_3209_length_1679_cov_523.516753,g__Klebsiella,g__Enterococcus_B,no,SD009,,,
NODE_3209_length_1679_cov_523.516753,g__Enterococcus_B,g__Escherichia,no,SD009,,,
NODE_3209_length_1679_cov_523.516753,g__Enterococcus_B,g__UMGS775,no,SD009,,,
NODE_3209_length_1679_cov_523.516753,g__Enterococcus_B,g__Klebsiella,no,SD009,,,
NODE_3212_length_1678_cov_15.443585,g__Escherichia,g__Escherichia,yes,SD009,,,
NODE_328_length_15895_cov_31.562468,g__UMGS775,g__Enterococcus_B,no,SD009,,,
NODE_328_length_15895_cov_31.562468,g__Enterococcus_B,g__UMGS775,no,SD009,,,
NODE_3311_length_1639_cov_4.775132,g__Escherichia,g__Escherichia,yes,SD009,,,
NODE_3339_length_1625_cov_5.357143,g__Escherichia,g__Escherichia,yes,SD009,,,
NODE_3412_length_1599_cov_6.091033,g__Escherichia,g__Escherichia,yes,SD009,,,
NODE_3435_length_1590_cov_4.557758,g__Escherichia,g__Klebsiella,yes,SD009,,,
NODE_3435_length_1590_cov_4.557758,g__Klebsiella,g__Escherichia,yes,SD009,,,
NODE_3569_length_1538_cov_5.788094,g__Escherichia,g__Escherichia,yes,SD009,,,
NODE_3597_length_1532_cov_4.639146,g__Escherichia,g__Escherichia,yes,SD009,,,
NODE_3659_length_1514_cov_148.085076,g__Klebsiella,g__Enterococcus_B,no,SD009,,,
NODE_3659_length_1514_cov_148.085076,g__Enterococcus_B,g__Klebsiella,no,SD009,,,
NODE_3669_length_1510_cov_39.881417,g__UMGS775,g__Klebsiella,yes,SD009,,,
NODE_3669_length_1510_cov_39.881417,g__Klebsiella,g__UMGS775,yes,SD009,,,
NODE_3762_length_1482_cov_2.184502,g__Escherichia,g__Escherichia,no,SD009,,,
NODE_3841_length_1457_cov_7.187218,g__Escherichia,g__Escherichia,yes,SD009,,,
NODE_387_length_14319_cov_40.657765,g__UMGS775,g__Klebsiella,yes,SD009,,,
NODE_387_length_14319_cov_40.657765,g__UMGS775,g__Enterococcus_B,yes,SD009,,,
NODE_387_length_14319_cov_40.657765,g__Klebsiella,g__UMGS775,yes,SD009,,,
NODE_387_length_14319_cov_40.657765,g__Klebsiella,g__Enterococcus_B,yes,SD009,,,
NODE_387_length_14319_cov_40.657765,g__Enterococcus_B,g__UMGS775,yes,SD009,,,
NODE_387_length_14319_cov_40.657765,g__Enterococcus_B,g__Klebsiella,yes,SD009,,,
NODE_3882_length_1442_cov_53.127757,g__Enterococcus_B,g__Enterococcus_B,no,SD009,NODE_3882_length_1442_cov_53.127757,OXA-9,carbapenem; cephalosporin; penam
NODE_3895_length_1438_cov_3.138063,g__Enterococcus_B,g__Enterococcus_B,no,SD009,,,
NODE_3926_length_1426_cov_6.205543,g__Escherichia,g__Escherichia,yes,SD009,,,
NODE_3962_length_1414_cov_12.449106,g__Escherichia,g__Escherichia,no,SD009,,,
NODE_4150_length_1366_cov_36.706215,g__Enterococcus_B,g__Enterococcus_B,no,SD009,,,
NODE_4228_length_1348_cov_16.326781,g__Escherichia,g__Escherichia,yes,SD009,,,
NODE_4252_length_1341_cov_49.388797,g__UMGS775,g__Klebsiella,yes,SD009,,,
NODE_4252_length_1341_cov_49.388797,g__Klebsiella,g__UMGS775,yes,SD009,,,
NODE_4290_length_1331_cov_2.813953,g__Escherichia,g__Escherichia,yes,SD009,,,
NODE_4305_length_1327_cov_23.584167,g__Enterococcus_B,g__Enterococcus_B,no,SD009,,,
NODE_4330_length_1320_cov_3.310142,g__Escherichia,g__Escherichia,yes,SD009,,,
NODE_4336_length_1318_cov_8.025189,g__Escherichia,g__Escherichia,yes,SD009,,,
NODE_4416_length_1295_cov_7.689212,g__Escherichia,g__Escherichia,yes,SD009,,,
NODE_441_length_13042_cov_52.966938,g__UMGS775,g__Klebsiella,yes,SD009,,,
NODE_441_length_13042_cov_52.966938,g__UMGS775,g__Enterococcus_B,yes,SD009,,,
NODE_441_length_13042_cov_52.966938,g__Klebsiella,g__UMGS775,yes,SD009,,,
NODE_441_length_13042_cov_52.966938,g__Klebsiella,g__Enterococcus_B,yes,SD009,,,
NODE_441_length_13042_cov_52.966938,g__Enterococcus_B,g__UMGS775,yes,SD009,,,
NODE_441_length_13042_cov_52.966938,g__Enterococcus_B,g__Klebsiella,yes,SD009,,,
NODE_4748_length_1225_cov_6.469035,g__Enterococcus_B,g__Enterococcus_B,no,SD009,,,
NODE_4810_length_1212_cov_22.572350,g__Enterococcus_B,g__Enterococcus_B,no,SD009,,,
NODE_482_length_12226_cov_24.465576,g__Klebsiella,g__Enterococcus_B,yes,SD009,,,
NODE_482_length_12226_cov_24.465576,g__Enterococcus_B,g__Klebsiella,yes,SD009,,,
NODE_496_length_12014_cov_4.874569,g__Escherichia,g__Escherichia,yes,SD009,,,
NODE_4986_length_1176_cov_3.823642,g__Escherichia,g__Escherichia,yes,SD009,,,
NODE_5066_length_1159_cov_51.054264,g__Klebsiella,g__Klebsiella,yes,SD009,,,
NODE_517_length_11453_cov_5.605068,g__Escherichia,g__Klebsiella,yes,SD009,,,
NODE_517_length_11453_cov_5.605068,g__Klebsiella,g__Escherichia,yes,SD009,,,
NODE_51_length_50368_cov_22.029159,g__Escherichia,g__UMGS775,yes,SD009,,,
NODE_51_length_50368_cov_22.029159,g__Escherichia,g__Klebsiella,yes,SD009,,,
NODE_51_length_50368_cov_22.029159,g__Escherichia,g__Enterococcus_B,yes,SD009,,,
NODE_51_length_50368_cov_22.029159,g__UMGS775,g__Escherichia,yes,SD009,,,
NODE_51_length_50368_cov_22.029159,g__UMGS775,g__Klebsiella,yes,SD009,,,
NODE_51_length_50368_cov_22.029159,g__UMGS775,g__Enterococcus_B,yes,SD009,,,
NODE_51_length_50368_cov_22.029159,g__Klebsiella,g__Escherichia,yes,SD009,,,
NODE_51_length_50368_cov_22.029159,g__Klebsiella,g__UMGS775,yes,SD009,,,
NODE_51_length_50368_cov_22.029159,g__Klebsiella,g__Enterococcus_B,yes,SD009,,,
NODE_51_length_50368_cov_22.029159,g__Enterococcus_B,g__Escherichia,yes,SD009,,,
NODE_51_length_50368_cov_22.029159,g__Enterococcus_B,g__UMGS775,yes,SD009,,,
NODE_51_length_50368_cov_22.029159,g__Enterococcus_B,g__Klebsiella,yes,SD009,,,
NODE_522_length_11393_cov_20.155690,g__UMGS775,g__Klebsiella,yes,SD009,,,
NODE_522_length_11393_cov_20.155690,g__Klebsiella,g__UMGS775,yes,SD009,,,
NODE_5533_length_1087_cov_3.693750,g__Escherichia,g__Escherichia,yes,SD009,,,
NODE_5561_length_1082_cov_6.505759,g__Escherichia,g__Escherichia,yes,SD009,,,
NODE_5690_length_1065_cov_3.422175,g__Enterococcus_B,g__Enterococcus_B,no,SD009,,,
NODE_598_length_10021_cov_15.354356,g__Enterococcus_B,g__Klebsiella,no,SD009,NODE_598_length_10021_cov_15.354356,vanR gene in vanA cluster,glycopeptide antibiotic
NODE_598_length_10021_cov_15.354356,g__Enterococcus_B,g__Klebsiella,no,SD009,NODE_598_length_10021_cov_15.354356,vanS gene in vanA cluster,glycopeptide antibiotic
NODE_598_length_10021_cov_15.354356,g__Enterococcus_B,g__Klebsiella,no,SD009,NODE_598_length_10021_cov_15.354356,vanH gene in vanA cluster,glycopeptide antibiotic
NODE_598_length_10021_cov_15.354356,g__Enterococcus_B,g__Klebsiella,no,SD009,NODE_598_length_10021_cov_15.354356,vanA,glycopeptide antibiotic
NODE_598_length_10021_cov_15.354356,g__Enterococcus_B,g__Klebsiella,no,SD009,NODE_598_length_10021_cov_15.354356,vanX gene in vanA cluster,glycopeptide antibiotic
NODE_598_length_10021_cov_15.354356,g__Klebsiella,g__Enterococcus_B,no,SD009,NODE_598_length_10021_cov_15.354356,vanR gene in vanA cluster,glycopeptide antibiotic
NODE_598_length_10021_cov_15.354356,g__Klebsiella,g__Enterococcus_B,no,SD009,NODE_598_length_10021_cov_15.354356,vanS gene in vanA cluster,glycopeptide antibiotic
NODE_598_length_10021_cov_15.354356,g__Klebsiella,g__Enterococcus_B,no,SD009,NODE_598_length_10021_cov_15.354356,vanH gene in vanA cluster,glycopeptide antibiotic
NODE_598_length_10021_cov_15.354356,g__Klebsiella,g__Enterococcus_B,no,SD009,NODE_598_length_10021_cov_15.354356,vanA,glycopeptide antibiotic
NODE_598_length_10021_cov_15.354356,g__Klebsiella,g__Enterococcus_B,no,SD009,NODE_598_length_10021_cov_15.354356,vanX gene in vanA cluster,glycopeptide antibiotic
NODE_60_length_46037_cov_37.400131,g__UMGS775,g__Klebsiella,yes,SD009,,,
NODE_60_length_46037_cov_37.400131,g__UMGS775,g__Enterococcus_B,yes,SD009,,,
NODE_60_length_46037_cov_37.400131,g__Klebsiella,g__UMGS775,yes,SD009,,,
NODE_60_length_46037_cov_37.400131,g__Klebsiella,g__Enterococcus_B,yes,SD009,,,
NODE_60_length_46037_cov_37.400131,g__Enterococcus_B,g__UMGS775,yes,SD009,,,
NODE_60_length_46037_cov_37.400131,g__Enterococcus_B,g__Klebsiella,yes,SD009,,,
NODE_666_length_9142_cov_48.167720,g__UMGS775,g__Klebsiella,yes,SD009,,,
NODE_666_length_9142_cov_48.167720,g__UMGS775,g__Enterococcus_B,yes,SD009,,,
NODE_666_length_9142_cov_48.167720,g__Klebsiella,g__UMGS775,yes,SD009,,,
NODE_666_length_9142_cov_48.167720,g__Klebsiella,g__Enterococcus_B,yes,SD009,,,
NODE_666_length_9142_cov_48.167720,g__Enterococcus_B,g__UMGS775,yes,SD009,,,
NODE_666_length_9142_cov_48.167720,g__Enterococcus_B,g__Klebsiella,yes,SD009,,,
NODE_686_length_8960_cov_4.802898,g__Enterococcus_B,g__Enterococcus_B,no,SD009,,,
NODE_692_length_8909_cov_14.289456,g__UMGS775,g__UMGS775,no,SD009,,,
NODE_70_length_42801_cov_20.937151,g__Enterococcus_B,g__UMGS775,yes,SD009,,,
NODE_70_length_42801_cov_20.937151,g__Enterococcus_B,g__Klebsiella,yes,SD009,,,
NODE_70_length_42801_cov_20.937151,g__UMGS775,g__Enterococcus_B,yes,SD009,,,
NODE_70_length_42801_cov_20.937151,g__UMGS775,g__Klebsiella,yes,SD009,,,
NODE_70_length_42801_cov_20.937151,g__Klebsiella,g__Enterococcus_B,yes,SD009,,,
NODE_70_length_42801_cov_20.937151,g__Klebsiella,g__UMGS775,yes,SD009,,,
NODE_732_length_8474_cov_4.457769,g__Escherichia,g__Escherichia,yes,SD009,,,
NODE_761_length_8154_cov_83.703127,g__UMGS775,g__Klebsiella,yes,SD009,,,
NODE_761_length_8154_cov_83.703127,g__UMGS775,g__Enterococcus_B,yes,SD009,,,
NODE_761_length_8154_cov_83.703127,g__Klebsiella,g__UMGS775,yes,SD009,,,
NODE_761_length_8154_cov_83.703127,g__Klebsiella,g__Enterococcus_B,yes,SD009,,,
NODE_761_length_8154_cov_83.703127,g__Enterococcus_B,g__UMGS775,yes,SD009,,,
NODE_761_length_8154_cov_83.703127,g__Enterococcus_B,g__Klebsiella,yes,SD009,,,
NODE_770_length_8025_cov_6.689162,g__Escherichia,g__Escherichia,yes,SD009,,,
NODE_778_length_7941_cov_7.174558,g__Enterococcus_B,g__Enterococcus_B,no,SD009,,,
NODE_825_length_7505_cov_27.082543,g__Escherichia,g__Klebsiella,yes,SD009,NODE_825_length_7505_cov_27.082543,CTX-M-15,cephalosporin; penam
NODE_825_length_7505_cov_27.082543,g__Escherichia,g__Klebsiella,yes,SD009,NODE_825_length_7505_cov_27.082543,QnrS1,fluoroquinolone antibiotic
NODE_825_length_7505_cov_27.082543,g__Klebsiella,g__Escherichia,yes,SD009,NODE_825_length_7505_cov_27.082543,CTX-M-15,cephalosporin; penam
NODE_825_length_7505_cov_27.082543,g__Klebsiella,g__Escherichia,yes,SD009,NODE_825_length_7505_cov_27.082543,QnrS1,fluoroquinolone antibiotic
NODE_858_length_7146_cov_18.463741,g__Enterococcus_B,g__Klebsiella,no,SD009,,,
NODE_858_length_7146_cov_18.463741,g__Klebsiella,g__Enterococcus_B,no,SD009,,,
NODE_869_length_7030_cov_3.236129,g__Klebsiella,g__Klebsiella,no,SD009,,,
NODE_900_length_6786_cov_5.386845,g__Enterococcus_B,g__Enterococcus_B,no,SD009,,,
NODE_972_length_6241_cov_5.343147,g__Escherichia,g__Escherichia,yes,SD009,NODE_972_length_6241_cov_5.343147,mphA,macrolide antibiotic
NODE_999_length_5980_cov_5.029899,g__Escherichia,g__Escherichia,yes,SD009,,,
NODE_10518_length_1888_cov_3.381601,g__Klebsiella,g__Klebsiella,yes,SD006,,,
NODE_10526_length_1887_cov_1.847159,g__Ruthenibacterium,g__Ruthenibacterium,no,SD006,,,
NODE_10624_length_1872_cov_3.151289,g__Methanobrevibacter_A,g__Methanobrevibacter_A,no,SD006,,,
NODE_10647_length_1870_cov_1.104991,g__Klebsiella,g__Klebsiella,yes,SD006,,,
NODE_11164_length_1798_cov_3.240575,g__Klebsiella,g__Klebsiella,yes,SD006,,,
NODE_11448_length_1755_cov_3.308968,g__Klebsiella,g__Klebsiella,yes,SD006,,,
NODE_11571_length_1739_cov_14.724566,g__Enterocloster,g__Enterocloster,no,SD006,,,
NODE_11643_length_1730_cov_1.846538,g__Klebsiella,g__Klebsiella,yes,SD006,,,
NODE_1175_length_9772_cov_2.883359,g__Klebsiella,g__Klebsiella,no,SD006,NODE_1175_length_9772_cov_2.883359,AAC(3)-IIe,aminoglycoside antibiotic
NODE_11773_length_1712_cov_2.435331,g__Klebsiella,g__Klebsiella,yes,SD006,,,
NODE_12044_length_1675_cov_4.937339,g__Klebsiella,g__Klebsiella,yes,SD006,,,
NODE_12204_length_1656_cov_1.440157,g__Enterocloster,g__Enterocloster,no,SD006,,,
NODE_1228_length_9500_cov_2.623173,g__Klebsiella,g__Klebsiella,yes,SD006,,,
NODE_12355_length_1634_cov_2.612475,g__Firm-11,g__Firm-11,no,SD006,,,
NODE_12748_length_1591_cov_0.918033,g__Klebsiella,g__Klebsiella,yes,SD006,,,
NODE_13415_length_1522_cov_5.598566,g__Klebsiella,g__Klebsiella,no,SD006,,,
NODE_13601_length_1501_cov_12.238719,g__Klebsiella,g__Klebsiella,yes,SD006,,,
NODE_13895_length_1467_cov_7.708209,g__Klebsiella,g__Klebsiella,yes,SD006,,,
NODE_1394_length_8723_cov_2.582597,g__Methanobrevibacter_A,g__Methanobrevibacter_A,no,SD006,,,
NODE_14140_length_1444_cov_2.382688,g__Klebsiella,g__Klebsiella,yes,SD006,,,
NODE_14759_length_1385_cov_1.201113,g__Klebsiella,g__Klebsiella,yes,SD006,,,
NODE_14960_length_1367_cov_7.532258,g__Klebsiella,g__Klebsiella,yes,SD006,,,
NODE_14961_length_1367_cov_3.512903,g__Klebsiella,g__Klebsiella,yes,SD006,,,
NODE_15252_length_1344_cov_1.791290,g__Ruthenibacterium,g__Klebsiella,yes,SD006,,,
NODE_15252_length_1344_cov_1.791290,g__Klebsiella,g__Ruthenibacterium,yes,SD006,,,
NODE_15265_length_1343_cov_4.431743,g__Klebsiella,g__Klebsiella,yes,SD006,,,
NODE_15353_length_1335_cov_6.240894,g__Klebsiella,g__Klebsiella,yes,SD006,,,
NODE_15621_length_1314_cov_1.778433,g__Klebsiella,g__Klebsiella,yes,SD006,,,
NODE_16046_length_1281_cov_2.276430,g__Klebsiella,g__Klebsiella,no,SD006,,,
NODE_1621_length_7903_cov_3.551055,g__Klebsiella,g__Klebsiella,yes,SD006,,,
NODE_16702_length_1238_cov_2.710171,g__Ruthenibacterium,g__Klebsiella,yes,SD006,,,
NODE_16702_length_1238_cov_2.710171,g__Klebsiella,g__Ruthenibacterium,yes,SD006,,,
NODE_16903_length_1223_cov_2.132299,g__Klebsiella,g__Klebsiella,yes,SD006,,,
NODE_17666_length_1174_cov_2.947469,g__Klebsiella,g__Klebsiella,yes,SD006,,,
NODE_18428_length_1132_cov_0.957214,g__Klebsiella,g__Klebsiella,yes,SD006,,,
NODE_18733_length_1116_cov_0.807887,g__Klebsiella,g__Klebsiella,yes,SD006,,,
NODE_1876_length_7183_cov_3.805697,g__Klebsiella,g__Klebsiella,no,SD006,NODE_1876_length_7183_cov_3.805697,dfrA14,diaminopyrimidine antibiotic
NODE_18969_length_1103_cov_4.121926,g__Firm-11,g__Klebsiella,yes,SD006,,,
NODE_18969_length_1103_cov_4.121926,g__Klebsiella,g__Firm-11,yes,SD006,,,
NODE_19024_length_1100_cov_3.252826,g__Klebsiella,g__Klebsiella,yes,SD006,,,
NODE_21138_length_1008_cov_1.409762,g__Methanobrevibacter_A,g__Methanobrevibacter_A,no,SD006,,,
NODE_2117_length_6603_cov_6.224212,g__Klebsiella,g__Klebsiella,yes,SD006,,,
NODE_21188_length_1006_cov_6.405006,g__Klebsiella,g__Klebsiella,yes,SD006,,,
NODE_21198_length_1006_cov_1.681456,g__Klebsiella,g__Klebsiella,yes,SD006,,,
NODE_2191_length_6465_cov_4.817924,g__Alistipes,g__Alistipes,no,SD006,,,
NODE_2283_length_6266_cov_3.391432,g__Klebsiella,g__Klebsiella,yes,SD006,,,
NODE_2363_length_6102_cov_26.363347,g__Gemmiger,g__Firm-11,no,SD006,,,
NODE_2363_length_6102_cov_26.363347,g__Firm-11,g__Gemmiger,no,SD006,,,
NODE_2387_length_6055_cov_34.051113,g__Ruthenibacterium,g__Gemmiger,no,SD006,,,
NODE_2387_length_6055_cov_34.051113,g__Ruthenibacterium,g__Enterocloster,no,SD006,,,
NODE_2387_length_6055_cov_34.051113,g__Gemmiger,g__Ruthenibacterium,no,SD006,,,
NODE_2387_length_6055_cov_34.051113,g__Gemmiger,g__Enterocloster,no,SD006,,,
NODE_2387_length_6055_cov_34.051113,g__Enterocloster,g__Ruthenibacterium,no,SD006,,,
NODE_2387_length_6055_cov_34.051113,g__Enterocloster,g__Gemmiger,no,SD006,,,
NODE_2396_length_6034_cov_5.339428,g__Klebsiella,g__Klebsiella,no,SD006,,,
NODE_25116_length_878_cov_3.034621,g__Ruthenibacterium,g__Gemmiger,no,SD006,,,
NODE_25116_length_878_cov_3.034621,g__Gemmiger,g__Ruthenibacterium,no,SD006,,,
NODE_25444_length_870_cov_1.018843,g__Klebsiella,g__Klebsiella,yes,SD006,,,
NODE_2607_length_5665_cov_6.263633,g__Klebsiella,g__Klebsiella,yes,SD006,,,
NODE_2619_length_5642_cov_2.437897,g__Ruthenibacterium,g__Ruthenibacterium,no,SD006,,,
NODE_2644_length_5618_cov_4.041887,g__Klebsiella,g__Klebsiella,yes,SD006,,,
NODE_266_length_25410_cov_4.961713,g__Enterocloster,g__Klebsiella,yes,SD006,,,
NODE_266_length_25410_cov_4.961713,g__Klebsiella,g__Enterocloster,yes,SD006,,,
NODE_2822_length_5380_cov_2.309728,g__Enterocloster,g__Enterocloster,no,SD006,,,
NODE_28267_length_804_cov_1.660266,g__Klebsiella,g__Klebsiella,yes,SD006,,,
NODE_2912_length_5275_cov_8.650155,g__Klebsiella,g__Klebsiella,yes,SD006,,,
NODE_29230_length_786_cov_1.261002,g__Gemmiger,g__Gemmiger,no,SD006,,,
NODE_2925_length_5259_cov_9.982463,g__Ruthenibacterium,g__Gemmiger,no,SD006,,,
NODE_2925_length_5259_cov_9.982463,g__Gemmiger,g__Ruthenibacterium,no,SD006,,,
NODE_2932_length_5251_cov_64.303084,g__Alistipes,g__Klebsiella,yes,SD006,,,
NODE_2932_length_5251_cov_64.303084,g__Klebsiella,g__Alistipes,yes,SD006,,,
NODE_29603_length_779_cov_1.500000,g__Klebsiella,g__Klebsiella,yes,SD006,,,
NODE_298_length_23835_cov_11.500801,g__Klebsiella,g__Klebsiella,yes,SD006,,,
NODE_3094_length_5019_cov_3.846688,g__Klebsiella,g__Klebsiella,no,SD006,,,
NODE_32315_length_733_cov_3.222772,g__Klebsiella,g__Klebsiella,yes,SD006,,,
NODE_32552_length_730_cov_1.175788,g__Klebsiella,g__Klebsiella,yes,SD006,,,
NODE_3356_length_4763_cov_59.437662,g__Enterocloster,g__Klebsiella,no,SD006,,,
NODE_3356_length_4763_cov_59.437662,g__Klebsiella,g__Enterocloster,no,SD006,,,
NODE_3413_length_4711_cov_1.932155,g__Klebsiella,g__Klebsiella,yes,SD006,,,
NODE_3423_length_4701_cov_2.304547,g__Klebsiella,g__Klebsiella,yes,SD006,,,
NODE_3499_length_4636_cov_5.746507,g__Klebsiella,g__Klebsiella,no,SD006,,,
NODE_35569_length_686_cov_3.817531,g__Gemmiger,g__Gemmiger,no,SD006,,,
NODE_3570_length_4578_cov_3.265558,g__Klebsiella,g__Klebsiella,no,SD006,,,
NODE_37842_length_658_cov_4.077213,g__Klebsiella,g__Klebsiella,yes,SD006,,,
NODE_3790_length_4395_cov_2.051078,g__Enterocloster,g__Enterocloster,no,SD006,,,
NODE_3929_length_4275_cov_17.797975,g__Enterocloster,g__Enterocloster,no,SD006,,,
NODE_3979_length_4240_cov_3.971310,g__Klebsiella,g__Klebsiella,yes,SD006,,,
NODE_3980_length_4240_cov_3.871140,g__Klebsiella,g__Klebsiella,yes,SD006,,,
NODE_3982_length_4237_cov_3.344282,g__Klebsiella,g__Klebsiella,yes,SD006,,,
NODE_4048_length_4180_cov_4.980508,g__Klebsiella,g__Klebsiella,yes,SD006,NODE_4048_length_4180_cov_4.980508,CTX-M-15,cephalosporin; penam
NODE_4113_length_4127_cov_2.771750,g__Klebsiella,g__Klebsiella,yes,SD006,,,
NODE_4116_length_4125_cov_2.702101,g__Klebsiella,g__Klebsiella,yes,SD006,,,
NODE_4474_length_3850_cov_2.852538,g__Klebsiella,g__Klebsiella,no,SD006,,,
NODE_4575_length_3791_cov_41.192686,g__Klebsiella,g__Klebsiella,yes,SD006,,,
NODE_4717_length_3703_cov_7.184564,g__Klebsiella,g__Klebsiella,yes,SD006,,,
NODE_4718_length_3703_cov_3.371365,g__Klebsiella,g__Klebsiella,yes,SD006,,,
NODE_4921_length_3572_cov_3.390421,g__Klebsiella,g__Klebsiella,yes,SD006,,,
NODE_4938_length_3564_cov_7.368344,g__Klebsiella,g__Klebsiella,yes,SD006,,,
NODE_5031_length_3522_cov_4.153756,g__Klebsiella,g__Klebsiella,yes,SD006,,,
NODE_5118_length_3475_cov_3.755675,g__Klebsiella,g__Klebsiella,yes,SD006,,,
NODE_5342_length_3350_cov_5.772882,g__Klebsiella,g__Klebsiella,yes,SD006,NODE_5342_length_3350_cov_5.772882,qacG,disinfecting agents and antiseptics
NODE_5352_length_3344_cov_1.268573,g__Klebsiella,g__Klebsiella,yes,SD006,,,
NODE_5406_length_3318_cov_2.016296,g__Alistipes,g__Alistipes,no,SD006,,,
NODE_5566_length_3235_cov_6.991313,g__Klebsiella,g__Klebsiella,yes,SD006,NODE_5566_length_3235_cov_6.991313,TEM-1,monobactam; cephalosporin; penam; penem
NODE_5566_length_3235_cov_6.991313,g__Klebsiella,g__Klebsiella,yes,SD006,NODE_5566_length_3235_cov_6.991313,APH(6)-Id,aminoglycoside antibiotic
NODE_5566_length_3235_cov_6.991313,g__Klebsiella,g__Klebsiella,yes,SD006,NODE_5566_length_3235_cov_6.991313,APH(3'')-Ib,aminoglycoside antibiotic
NODE_56257_length_510_cov_3.608355,g__Klebsiella,g__Klebsiella,yes,SD006,,,
NODE_5633_length_3207_cov_11.044481,g__Gemmiger,g__Klebsiella,yes,SD006,,,
NODE_5633_length_3207_cov_11.044481,g__Klebsiella,g__Gemmiger,yes,SD006,,,
NODE_6235_length_2961_cov_2.045166,g__Gemmiger,g__Gemmiger,no,SD006,,,
NODE_6265_length_2949_cov_3.720411,g__Ruthenibacterium,g__Firm-11,no,SD006,,,
NODE_6265_length_2949_cov_3.720411,g__Ruthenibacterium,g__Methanobrevibacter_A,no,SD006,,,
NODE_6265_length_2949_cov_3.720411,g__Ruthenibacterium,g__Enterocloster,no,SD006,,,
NODE_6265_length_2949_cov_3.720411,g__Firm-11,g__Ruthenibacterium,no,SD006,,,
NODE_6265_length_2949_cov_3.720411,g__Firm-11,g__Methanobrevibacter_A,no,SD006,,,
NODE_6265_length_2949_cov_3.720411,g__Firm-11,g__Enterocloster,no,SD006,,,
NODE_6265_length_2949_cov_3.720411,g__Methanobrevibacter_A,g__Ruthenibacterium,no,SD006,,,
NODE_6265_length_2949_cov_3.720411,g__Methanobrevibacter_A,g__Firm-11,no,SD006,,,
NODE_6265_length_2949_cov_3.720411,g__Methanobrevibacter_A,g__Enterocloster,no,SD006,,,
NODE_6265_length_2949_cov_3.720411,g__Enterocloster,g__Ruthenibacterium,no,SD006,,,
NODE_6265_length_2949_cov_3.720411,g__Enterocloster,g__Firm-11,no,SD006,,,
NODE_6265_length_2949_cov_3.720411,g__Enterocloster,g__Methanobrevibacter_A,no,SD006,,,
NODE_6415_length_2898_cov_7.787080,g__Klebsiella,g__Klebsiella,yes,SD006,,,
NODE_6547_length_2854_cov_2.793913,g__Klebsiella,g__Klebsiella,yes,SD006,,,
NODE_6813_length_2762_cov_1.730550,g__Klebsiella,g__Klebsiella,yes,SD006,,,
NODE_6947_length_2714_cov_2.576343,g__Enterocloster,g__Klebsiella,yes,SD006,,,
NODE_6947_length_2714_cov_2.576343,g__Klebsiella,g__Enterocloster,yes,SD006,,,
NODE_6960_length_2708_cov_3.192174,g__Klebsiella,g__Klebsiella,yes,SD006,,,
NODE_6994_length_2697_cov_7.779377,g__Klebsiella,g__Klebsiella,yes,SD006,,,
NODE_7121_length_2652_cov_6.522772,g__Gemmiger,g__Firm-11,no,SD006,,,
NODE_7121_length_2652_cov_6.522772,g__Firm-11,g__Gemmiger,no,SD006,,,
NODE_7147_length_2645_cov_9.514694,g__Klebsiella,g__Klebsiella,yes,SD006,,,
NODE_7166_length_2637_cov_7.641036,g__Klebsiella,g__Klebsiella,yes,SD006,,,
NODE_7336_length_2583_cov_5.602199,g__Methanobrevibacter_A,g__Klebsiella,yes,SD006,,,
NODE_7336_length_2583_cov_5.602199,g__Klebsiella,g__Methanobrevibacter_A,yes,SD006,,,
NODE_82_length_45948_cov_11.553371,g__Firm-11,g__Klebsiella,yes,SD006,,,
NODE_82_length_45948_cov_11.553371,g__Klebsiella,g__Firm-11,yes,SD006,,,
NODE_8540_length_2260_cov_5.622597,g__Klebsiella,g__Klebsiella,yes,SD006,,,
NODE_8794_length_2208_cov_4.546852,g__Klebsiella,g__Klebsiella,yes,SD006,,,
NODE_8804_length_2205_cov_3.574591,g__Firm-11,g__Klebsiella,yes,SD006,,,
NODE_8804_length_2205_cov_3.574591,g__Klebsiella,g__Firm-11,yes,SD006,,,
NODE_8853_length_2196_cov_0.906235,g__Klebsiella,g__Klebsiella,yes,SD006,,,
NODE_8867_length_2192_cov_9.499274,g__Klebsiella,g__Klebsiella,yes,SD006,,,
NODE_911_length_11488_cov_11.338791,g__Klebsiella,g__Klebsiella,yes,SD006,,,
NODE_9184_length_2133_cov_8.873380,g__Klebsiella,g__Klebsiella,yes,SD006,,,
NODE_9437_length_2078_cov_3.913378,g__Klebsiella,g__Klebsiella,yes,SD006,,,
NODE_947_length_11231_cov_3.570965,g__Klebsiella,g__Klebsiella,yes,SD006,,,
NODE_9968_length_1980_cov_2.622234,g__Klebsiella,g__Klebsiella,yes,SD006,,,
NODE_1076_length_2094_cov_58.718861,g__Enterococcus_B,g__Enterococcus_B,no,Roj,,,
NODE_109_length_10318_cov_639.954470,g__Enterococcus_B,g__Enterococcus_B,no,Roj,NODE_109_length_10318_cov_639.954470,CfxA3,cephamycin
NODE_1104_length_2064_cov_53.263294,g__Enterococcus_B,g__Enterococcus_B,no,Roj,,,
NODE_110_length_10277_cov_52.883350,g__Enterococcus_B,g__Enterococcus_B,no,Roj,,,
NODE_117_length_9593_cov_67.472745,g__Enterococcus_B,g__Enterococcus_B,no,Roj,,,
NODE_1194_length_1981_cov_1.517260,g__Enterococcus_B,g__Enterococcus_B,no,Roj,,,
NODE_1208_length_1966_cov_42.536161,g__Enterococcus_B,g__Enterococcus_B,no,Roj,,,
NODE_123_length_8766_cov_197.182429,g__Enterococcus_B,g__Enterococcus_B,no,Roj,,,
NODE_1241_length_1939_cov_62.940397,g__Enterococcus_B,g__Enterococcus_B,no,Roj,,,
NODE_127_length_8531_cov_49.601618,g__Enterococcus_B,g__Enterococcus_B,no,Roj,,,
NODE_1369_length_1827_cov_12.791765,g__Enterococcus_B,g__Enterococcus_B,no,Roj,,,
NODE_136_length_8145_cov_49.003243,g__Enterococcus_B,g__Enterococcus_B,no,Roj,,,
NODE_1416_length_1786_cov_285.312839,g__Enterococcus_B,g__Enterococcus_B,no,Roj,,,
NODE_144_length_7878_cov_226.982712,g__Enterococcus_B,g__Enterococcus_B,no,Roj,,,
NODE_145_length_7827_cov_139.984416,g__Enterococcus_B,g__Enterococcus_B,no,Roj,NODE_145_length_7827_cov_139.984416,vanZ gene in vanA cluster,glycopeptide antibiotic
NODE_145_length_7827_cov_139.984416,g__Enterococcus_B,g__Enterococcus_B,no,Roj,NODE_145_length_7827_cov_139.984416,vanY gene in vanA cluster,glycopeptide antibiotic
NODE_145_length_7827_cov_139.984416,g__Enterococcus_B,g__Enterococcus_B,no,Roj,NODE_145_length_7827_cov_139.984416,vanX gene in vanA cluster,glycopeptide antibiotic
NODE_145_length_7827_cov_139.984416,g__Enterococcus_B,g__Enterococcus_B,no,Roj,NODE_145_length_7827_cov_139.984416,vanA,glycopeptide antibiotic
NODE_145_length_7827_cov_139.984416,g__Enterococcus_B,g__Enterococcus_B,no,Roj,NODE_145_length_7827_cov_139.984416,vanH gene in vanA cluster,glycopeptide antibiotic
NODE_1482_length_1736_cov_41.342449,g__Enterococcus_B,g__Enterococcus_B,no,Roj,,,
NODE_1485_length_1734_cov_13.174860,g__Enterococcus_B,g__Enterococcus_B,no,Roj,,,
NODE_1532_length_1705_cov_913.830798,g__Enterococcus_B,g__Enterococcus_B,no,Roj,,,
NODE_154_length_7383_cov_26.652012,g__Enterococcus_B,g__Enterococcus_B,no,Roj,,,
NODE_1560_length_1680_cov_76.311011,g__Enterococcus_B,g__Enterococcus_B,no,Roj,,,
NODE_1605_length_1649_cov_583.176741,g__Enterococcus_B,g__Enterococcus_B,no,Roj,NODE_1605_length_1649_cov_583.176741,tet(U),tetracycline antibiotic
NODE_162_length_7100_cov_9.596300,g__Enterococcus_B,g__Enterococcus_B,no,Roj,,,
NODE_166_length_6920_cov_63.788164,g__Enterococcus_B,g__Enterococcus_B,no,Roj,,,
NODE_1824_length_1533_cov_75.739687,g__Enterococcus_B,g__Enterococcus_B,no,Roj,,,
NODE_1830_length_1529_cov_94.873039,g__Enterococcus_B,g__Enterococcus_B,no,Roj,,,
NODE_187_length_6245_cov_247.806146,g__Enterococcus_B,g__Enterococcus_B,no,Roj,,,
NODE_1910_length_1493_cov_267.362372,g__Enterococcus_B,g__Enterococcus_B,no,Roj,,,
NODE_192_length_6141_cov_43.505653,g__Enterococcus_B,g__Enterococcus_B,no,Roj,,,
NODE_209_length_5780_cov_62.660357,g__Enterococcus_B,g__Enterococcus_B,no,Roj,,,
NODE_2168_length_1392_cov_142.414229,g__Enterococcus_B,g__Enterococcus_B,no,Roj,,,
NODE_228_length_5368_cov_70.978630,g__Enterococcus_B,g__Enterococcus_B,no,Roj,,,
NODE_2295_length_1354_cov_310.356968,g__Enterococcus_B,g__Enterococcus_B,no,Roj,,,
NODE_2331_length_1344_cov_6.165982,g__Enterococcus_B,g__Enterococcus_B,no,Roj,,,
NODE_233_length_5340_cov_45.978132,g__Enterococcus_B,g__Enterococcus_B,no,Roj,,,
NODE_241_length_5270_cov_282.868170,g__Enterococcus_B,g__Enterococcus_B,no,Roj,,,
NODE_2423_length_1323_cov_42.935619,g__Enterococcus_B,g__Enterococcus_B,no,Roj,,,
NODE_2523_length_1301_cov_350.701874,g__Enterococcus_B,g__Enterococcus_B,no,Roj,,,
NODE_2659_length_1264_cov_80.804749,g__Enterococcus_B,g__Enterococcus_B,no,Roj,,,
NODE_2731_length_1246_cov_315.005362,g__Enterococcus_B,g__Enterococcus_B,no,Roj,,,
NODE_2754_length_1241_cov_259.927289,g__Enterococcus_B,g__Enterococcus_B,no,Roj,,,
NODE_2771_length_1237_cov_59.988288,g__Enterococcus_B,g__Enterococcus_B,no,Roj,,,
NODE_283_length_4838_cov_45.333050,g__Enterococcus_B,g__Enterococcus_B,no,Roj,,,
NODE_293_length_4690_cov_31.101468,g__Enterococcus_B,g__Enterococcus_B,no,Roj,NODE_293_length_4690_cov_31.101468,aad(6),aminoglycoside antibiotic
NODE_297_length_4639_cov_211.470745,g__Enterococcus_B,g__Enterococcus_B,no,Roj,,,
NODE_303_length_4588_cov_192.794441,g__Enterococcus_B,g__Enterococcus_B,no,Roj,,,
NODE_308_length_4544_cov_47.314014,g__Enterococcus_B,g__Enterococcus_B,no,Roj,,,
NODE_3183_length_1146_cov_12.147203,g__Enterococcus_B,g__Enterococcus_B,no,Roj,,,
NODE_3238_length_1137_cov_251.358416,g__Enterococcus_B,g__Enterococcus_B,no,Roj,,,
NODE_330_length_4281_cov_41.052720,g__Enterococcus_B,g__Enterococcus_B,no,Roj,,,
NODE_3408_length_1110_cov_323.838250,g__Enterococcus_B,g__Enterococcus_B,no,Roj,,,
NODE_3675_length_1068_cov_131.072264,g__Enterococcus_B,g__Enterococcus_B,no,Roj,,,
NODE_3689_length_1066_cov_41.951012,g__Enterococcus_B,g__Enterococcus_B,no,Roj,,,
NODE_3705_length_1063_cov_219.844017,g__Enterococcus_B,g__Enterococcus_B,no,Roj,,,
NODE_3729_length_1059_cov_28.189914,g__Enterococcus_B,g__Enterococcus_B,no,Roj,,,
NODE_372_length_3909_cov_44.153887,g__Enterococcus_B,g__Enterococcus_B,no,Roj,,,
NODE_4017_length_1023_cov_9.893973,g__Enterococcus_B,g__Enterococcus_B,no,Roj,,,
NODE_401_length_3765_cov_48.813634,g__Enterococcus_B,g__Enterococcus_B,no,Roj,,,
NODE_4092_length_1013_cov_168.086907,g__Enterococcus_B,g__Enterococcus_B,no,Roj,,,
NODE_419_length_3635_cov_13.852908,g__Enterococcus_B,g__Enterococcus_B,no,Roj,,,
NODE_431_length_3582_cov_57.074964,g__Enterococcus_B,g__Enterococcus_B,no,Roj,,,
NODE_435_length_3563_cov_43.154249,g__Enterococcus_B,g__Enterococcus_B,no,Roj,,,
NODE_437_length_3537_cov_57.589150,g__Enterococcus_B,g__Enterococcus_B,no,Roj,,,
NODE_44_length_20990_cov_28.437856,g__Enterococcus_B,g__Enterococcus_B,no,Roj,,,
NODE_4667_length_947_cov_162.903659,g__Enterococcus_B,g__Enterococcus_B,no,Roj,,,
NODE_4754_length_938_cov_152.758323,g__Enterococcus_B,g__Enterococcus_B,no,Roj,NODE_4754_length_938_cov_152.758323,vanR gene in vanA cluster,glycopeptide antibiotic
NODE_514_length_3268_cov_39.250239,g__Enterococcus_B,g__Enterococcus_B,no,Roj,,,
NODE_649_length_2853_cov_47.196992,g__Enterococcus_B,g__Enterococcus_B,no,Roj,,,
NODE_683_length_2757_cov_2620.329278,g__Enterococcus_B,g__Enterococcus_B,no,Roj,,,
NODE_68_length_15962_cov_45.391727,g__Enterococcus_B,g__Enterococcus_B,no,Roj,,,
NODE_716_length_2678_cov_48.778910,g__Enterococcus_B,g__Enterococcus_B,no,Roj,,,
NODE_724_length_2651_cov_57.695721,g__Enterococcus_B,g__Enterococcus_B,no,Roj,,,
NODE_76_length_14435_cov_74.432485,g__Enterococcus_B,g__Enterococcus_B,no,Roj,,,
NODE_776_length_2553_cov_264.280709,g__Enterococcus_B,g__Enterococcus_B,no,Roj,,,
NODE_782_length_2541_cov_786.741922,g__Enterococcus_B,g__Enterococcus_B,no,Roj,,,
NODE_812_length_2476_cov_67.012346,g__Enterococcus_B,g__Enterococcus_B,no,Roj,,,
NODE_852_length_2397_cov_213.372687,g__Enterococcus_B,g__Enterococcus_B,no,Roj,,,
NODE_85_length_13338_cov_58.572175,g__Enterococcus_B,g__Enterococcus_B,no,Roj,,,
NODE_887_length_2337_cov_935.120814,g__Enterococcus_B,g__Enterococcus_B,no,Roj,,,
NODE_8922_length_687_cov_2.266071,g__Enterococcus_B,g__Enterococcus_B,no,Roj,,,
NODE_90_length_12890_cov_374.680953,g__Enterococcus_B,g__Enterococcus_B,no,Roj,,,
NODE_922_length_2294_cov_376.210429,g__Enterococcus_B,g__Enterococcus_B,no,Roj,,,
NODE_980_length_2207_cov_66.441827,g__Enterococcus_B,g__Enterococcus_B,no,Roj,,,
NODE_165_length_6227_cov_8.088361,g__QALS01,g__QALS01,no,SD001,,,
NODE_1812_length_1418_cov_3.972889,g__QALS01,g__QALS01,no,SD001,,,
NODE_1922_length_1356_cov_1.570382,g__QALS01,g__QALS01,no,SD001,,,
NODE_192_length_5716_cov_2.425300,g__QALS01,g__QALS01,no,SD001,,,
NODE_1975_length_1333_cov_2.314262,g__QALS01,g__QALS01,no,SD001,,,
NODE_2148_length_1264_cov_1.666667,g__QALS01,g__QALS01,no,SD001,,,
NODE_2236_length_1232_cov_3.143891,g__QALS01,g__QALS01,no,SD001,,,
NODE_2327_length_1204_cov_2.838440,g__QALS01,g__QALS01,no,SD001,,,
NODE_2375_length_1185_cov_4.366730,g__QALS01,g__QALS01,no,SD001,NODE_2375_length_1185_cov_4.366730,vanZ gene in vanA cluster,glycopeptide antibiotic
NODE_2668_length_1083_cov_1.043933,g__QALS01,g__QALS01,no,SD001,,,
NODE_2688_length_1077_cov_1.020000,g__QALS01,g__QALS01,no,SD001,,,
NODE_2867_length_1028_cov_1.024417,g__QALS01,g__QALS01,no,SD001,,,
NODE_2915_length_1014_cov_2.121759,g__QALS01,g__QALS01,no,SD001,,,
NODE_344_length_4074_cov_2.274892,g__QALS01,g__QALS01,no,SD001,,,
NODE_3553_length_874_cov_1.772423,g__QALS01,g__QALS01,no,SD001,,,
NODE_503_length_3160_cov_4.694032,g__QALS01,g__QALS01,no,SD001,,,
NODE_567_length_3004_cov_1.370525,g__QALS01,g__QALS01,no,SD001,,,
NODE_6965_length_517_cov_0.858974,g__QALS01,g__QALS01,no,SD001,,,
NODE_705_length_2634_cov_4.308736,g__QALS01,g__QALS01,no,SD001,,,
NODE_710_length_2623_cov_2.278446,g__QALS01,g__QALS01,no,SD001,,,
NODE_727_length_2582_cov_1.969450,g__QALS01,g__QALS01,no,SD001,,,
NODE_940_length_2223_cov_1.452290,g__QALS01,g__QALS01,no,SD001,,,
NODE_1038_length_4534_cov_16.190833,g__Klebsiella,g__Klebsiella,yes,SD002,,,
NODE_1048_length_4491_cov_96.486480,g__Escherichia,g__Escherichia,yes,SD002,,,
NODE_1059_length_4422_cov_119.592782,g__Escherichia,g__Escherichia,yes,SD002,,,
NODE_1096_length_4303_cov_39.727490,g__Klebsiella,g__Klebsiella,yes,SD002,,,
NODE_1128_length_4201_cov_921.461217,g__Escherichia,g__Klebsiella,yes,SD002,,,
NODE_1128_length_4201_cov_921.461217,g__Klebsiella,g__Escherichia,yes,SD002,,,
NODE_1134_length_4172_cov_10.289246,g__Klebsiella,g__Klebsiella,yes,SD002,,,
NODE_1140_length_4147_cov_24.142289,g__Escherichia,g__Klebsiella,yes,SD002,,,
NODE_1140_length_4147_cov_24.142289,g__Klebsiella,g__Escherichia,yes,SD002,,,
NODE_1186_length_4002_cov_4.354323,g__Escherichia,g__Escherichia,yes,SD002,NODE_1186_length_4002_cov_4.354323,evgA,macrolide antibiotic; fluoroquinolone antibiotic; penam; tetracycline antibiotic
NODE_1191_length_3996_cov_16.392349,g__Klebsiella,g__Klebsiella,yes,SD002,,,
NODE_1202_length_3972_cov_26.010923,g__Escherichia,g__Escherichia,no,SD002,,,
NODE_1221_length_3913_cov_72.848389,g__Escherichia,g__Escherichia,yes,SD002,,,
NODE_1250_length_3837_cov_28.406469,g__Escherichia,g__Escherichia,yes,SD002,,,
NODE_1426_length_3364_cov_46.014520,g__Escherichia,g__Escherichia,yes,SD002,,,
NODE_1432_length_3342_cov_40.286470,g__Escherichia,g__Escherichia,no,SD002,,,
NODE_1609_length_3020_cov_59.979260,g__Escherichia,g__Escherichia,yes,SD002,,,
NODE_178_length_19869_cov_19.753419,g__Klebsiella,g__Klebsiella,yes,SD002,,,
NODE_1798_length_2708_cov_146.347540,g__Escherichia,g__Klebsiella,yes,SD002,,,
NODE_1798_length_2708_cov_146.347540,g__Klebsiella,g__Escherichia,yes,SD002,,,
NODE_1926_length_2556_cov_13.877316,g__Klebsiella,g__Klebsiella,yes,SD002,,,
NODE_1991_length_2480_cov_16.264768,g__Klebsiella,g__Klebsiella,yes,SD002,,,
NODE_1999_length_2471_cov_144.999573,g__Escherichia,g__Escherichia,yes,SD002,,,
NODE_2000_length_2471_cov_104.796075,g__Escherichia,g__Escherichia,yes,SD002,,,
NODE_2005_length_2467_cov_23.794872,g__Escherichia,g__Escherichia,yes,SD002,,,
NODE_200_length_18564_cov_108.005424,g__Escherichia,g__Klebsiella,yes,SD002,,,
NODE_200_length_18564_cov_108.005424,g__Klebsiella,g__Escherichia,yes,SD002,,,
NODE_2040_length_2438_cov_1150.953267,g__Alistipes,g__Escherichia,yes,SD002,,,
NODE_2040_length_2438_cov_1150.953267,g__Alistipes,g__Klebsiella,yes,SD002,,,
NODE_2040_length_2438_cov_1150.953267,g__Escherichia,g__Alistipes,yes,SD002,,,
NODE_2040_length_2438_cov_1150.953267,g__Escherichia,g__Klebsiella,yes,SD002,,,
NODE_2040_length_2438_cov_1150.953267,g__Klebsiella,g__Alistipes,yes,SD002,,,
NODE_2040_length_2438_cov_1150.953267,g__Klebsiella,g__Escherichia,yes,SD002,,,
NODE_2050_length_2423_cov_294.712544,g__Escherichia,g__Escherichia,yes,SD002,,,
NODE_205_length_18414_cov_44.259802,g__Escherichia,g__Escherichia,yes,SD002,,,
NODE_2067_length_2406_cov_12.137341,g__Klebsiella,g__Klebsiella,yes,SD002,,,
NODE_2130_length_2335_cov_134.488225,g__Escherichia,g__Escherichia,yes,SD002,,,
NODE_2192_length_2264_cov_29.810482,g__Escherichia,g__Escherichia,yes,SD002,,,
NODE_2227_length_2220_cov_231.401338,g__Escherichia,g__Escherichia,no,SD002,,,
NODE_2369_length_2086_cov_84.130679,g__Escherichia,g__Escherichia,yes,SD002,,,
NODE_237_length_16857_cov_82.273580,g__Escherichia,g__Escherichia,yes,SD002,,,
NODE_2384_length_2074_cov_16.066256,g__Escherichia,g__Escherichia,yes,SD002,,,
NODE_2423_length_2040_cov_113.526398,g__Escherichia,g__Escherichia,no,SD002,,,
NODE_2426_length_2037_cov_30.116230,g__Escherichia,g__Escherichia,yes,SD002,,,
NODE_2494_length_1968_cov_8.419337,g__Klebsiella,g__Klebsiella,yes,SD002,,,
NODE_254_length_15884_cov_147.272450,g__Escherichia,g__Escherichia,no,SD002,,,
NODE_261_length_15734_cov_82.570065,g__Escherichia,g__Escherichia,yes,SD002,,,
NODE_2637_length_1861_cov_13.511534,g__Escherichia,g__Escherichia,yes,SD002,,,
NODE_2891_length_1703_cov_12.043147,g__Escherichia,g__Escherichia,yes,SD002,,,
NODE_2921_length_1686_cov_199.037203,g__Escherichia,g__Escherichia,yes,SD002,,,
NODE_2922_length_1686_cov_7.896087,g__Klebsiella,g__Klebsiella,yes,SD002,,,
NODE_2941_length_1678_cov_1251.092843,g__Alistipes,g__Escherichia,yes,SD002,,,
NODE_2941_length_1678_cov_1251.092843,g__Alistipes,g__Klebsiella,yes,SD002,,,
NODE_2941_length_1678_cov_1251.092843,g__Escherichia,g__Alistipes,yes,SD002,,,
NODE_2941_length_1678_cov_1251.092843,g__Escherichia,g__Klebsiella,yes,SD002,,,
NODE_2941_length_1678_cov_1251.092843,g__Klebsiella,g__Alistipes,yes,SD002,,,
NODE_2941_length_1678_cov_1251.092843,g__Klebsiella,g__Escherichia,yes,SD002,,,
NODE_2948_length_1674_cov_46.448610,g__Escherichia,g__Escherichia,no,SD002,,,
NODE_3322_length_1465_cov_25.030643,g__Klebsiella,g__Klebsiella,yes,SD002,,,
NODE_3341_length_1457_cov_8.779699,g__Klebsiella,g__Klebsiella,yes,SD002,,,
NODE_3539_length_1355_cov_126.587134,g__Escherichia,g__Escherichia,no,SD002,,,
NODE_3565_length_1340_cov_23.741962,g__Klebsiella,g__Klebsiella,yes,SD002,,,
NODE_3678_length_1285_cov_11.838515,g__Escherichia,g__Klebsiella,yes,SD002,,,
NODE_3678_length_1285_cov_11.838515,g__Klebsiella,g__Escherichia,yes,SD002,,,
NODE_3694_length_1277_cov_8.730435,g__Escherichia,g__Klebsiella,yes,SD002,,,
NODE_3694_length_1277_cov_8.730435,g__Klebsiella,g__Escherichia,yes,SD002,,,
NODE_3723_length_1264_cov_88.477573,g__Escherichia,g__Escherichia,yes,SD002,,,
NODE_3746_length_1254_cov_44.996451,g__Escherichia,g__Escherichia,yes,SD002,,,
NODE_37_length_46608_cov_116.501129,g__Escherichia,g__Klebsiella,yes,SD002,,,
NODE_37_length_46608_cov_116.501129,g__Klebsiella,g__Escherichia,yes,SD002,,,
NODE_3858_length_1208_cov_157.187789,g__Escherichia,g__Escherichia,no,SD002,,,
NODE_3899_length_1194_cov_55.475164,g__Escherichia,g__Klebsiella,yes,SD002,,,
NODE_3899_length_1194_cov_55.475164,g__Klebsiella,g__Escherichia,yes,SD002,,,
NODE_3968_length_1169_cov_149.476967,g__Escherichia,g__Klebsiella,no,SD002,NODE_3968_length_1169_cov_149.476967,TEM-1,monobactam; cephalosporin; penam; penem
NODE_3968_length_1169_cov_149.476967,g__Klebsiella,g__Escherichia,no,SD002,NODE_3968_length_1169_cov_149.476967,TEM-1,monobactam; cephalosporin; penam; penem
NODE_4094_length_1124_cov_9.488465,g__Klebsiella,g__Klebsiella,no,SD002,,,
NODE_4197_length_1088_cov_49.185224,g__Escherichia,g__Escherichia,yes,SD002,,,
NODE_429_length_10338_cov_48.703261,g__Escherichia,g__Klebsiella,no,SD002,,,
NODE_429_length_10338_cov_48.703261,g__Klebsiella,g__Escherichia,no,SD002,,,
NODE_432_length_10160_cov_122.545201,g__Escherichia,g__Escherichia,yes,SD002,NODE_432_length_10160_cov_122.545201,CTX-M-231,cephalosporin
NODE_432_length_10160_cov_122.545201,g__Escherichia,g__Escherichia,yes,SD002,NODE_432_length_10160_cov_122.545201,QnrS1,fluoroquinolone antibiotic
NODE_4365_length_1034_cov_9.530320,g__Klebsiella,g__Klebsiella,yes,SD002,,,
NODE_4384_length_1029_cov_183.445676,g__Escherichia,g__Escherichia,yes,SD002,,,
NODE_4441_length_1010_cov_15.074745,g__Escherichia,g__Klebsiella,yes,SD002,,,
NODE_4441_length_1010_cov_15.074745,g__Klebsiella,g__Escherichia,yes,SD002,,,
NODE_494_length_8864_cov_15.710198,g__Klebsiella,g__Klebsiella,yes,SD002,,,
NODE_5029_length_868_cov_3.875843,g__Klebsiella,g__Klebsiella,yes,SD002,,,
NODE_5038_length_865_cov_37.181572,g__Escherichia,g__Escherichia,yes,SD002,,,
NODE_519_length_8395_cov_35.458999,g__Escherichia,g__Escherichia,yes,SD002,,,
NODE_591_length_7419_cov_30.647148,g__Escherichia,g__Escherichia,no,SD002,,,
NODE_607_length_7115_cov_444.509302,g__Alistipes,g__Escherichia,yes,SD002,,,
NODE_607_length_7115_cov_444.509302,g__Alistipes,g__Klebsiella,yes,SD002,,,
NODE_607_length_7115_cov_444.509302,g__Escherichia,g__Alistipes,yes,SD002,,,
NODE_607_length_7115_cov_444.509302,g__Escherichia,g__Klebsiella,yes,SD002,,,
NODE_607_length_7115_cov_444.509302,g__Klebsiella,g__Alistipes,yes,SD002,,,
NODE_607_length_7115_cov_444.509302,g__Klebsiella,g__Escherichia,yes,SD002,,,
NODE_609_length_7104_cov_105.036835,g__Escherichia,g__Escherichia,yes,SD002,,,
NODE_623_length_6986_cov_79.130631,g__Escherichia,g__Escherichia,no,SD002,,,
NODE_627_length_6944_cov_29.291477,g__Klebsiella,g__Klebsiella,yes,SD002,,,
NODE_634_length_6894_cov_139.366189,g__Escherichia,g__Escherichia,no,SD002,,,
NODE_646_length_6773_cov_105.627445,g__Escherichia,g__Escherichia,yes,SD002,,,
NODE_670_length_6571_cov_11.081782,g__Klebsiella,g__Klebsiella,yes,SD002,,,
NODE_739_length_6069_cov_18.488556,g__Klebsiella,g__Klebsiella,yes,SD002,,,
NODE_758_length_5962_cov_9.345673,g__Klebsiella,g__Klebsiella,yes,SD002,,,
NODE_778_length_5759_cov_634.601030,g__Escherichia,g__Klebsiella,yes,SD002,,,
NODE_778_length_5759_cov_634.601030,g__Klebsiella,g__Escherichia,yes,SD002,,,
NODE_818_length_5545_cov_16.909007,g__Klebsiella,g__Klebsiella,yes,SD002,,,
NODE_85_length_32279_cov_124.106805,g__Escherichia,g__Klebsiella,yes,SD002,NODE_85_length_32279_cov_124.106805,CMY-2,carbapenem; cephalosporin; cephamycin; penam
NODE_85_length_32279_cov_124.106805,g__Klebsiella,g__Escherichia,yes,SD002,NODE_85_length_32279_cov_124.106805,CMY-2,carbapenem; cephalosporin; cephamycin; penam
NODE_900_length_5154_cov_76.094689,g__Escherichia,g__Escherichia,no,SD002,,,
NODE_905_length_5132_cov_129.214785,g__Escherichia,g__Escherichia,yes,SD002,,,
NODE_949_length_4864_cov_57.213004,g__Escherichia,g__Escherichia,yes,SD002,,,
NODE_962_length_4799_cov_37.334974,g__Escherichia,g__Escherichia,yes,SD002,,,
NODE_974_length_4764_cov_76.671339,g__Escherichia,g__Escherichia,yes,SD002,,,
NODE_994_length_4695_cov_2.825088,g__Klebsiella,g__Klebsiella,yes,SD002,,,
NODE_999_length_4665_cov_12.492287,g__Escherichia,g__Escherichia,yes,SD002,NODE_999_length_4665_cov_12.492287,tet(B),tetracycline antibiotic
NODE_999_length_4665_cov_12.492287,g__Escherichia,g__Escherichia,yes,SD002,NODE_999_length_4665_cov_12.492287,tetR,tetracycline antibiotic
NODE_1010_length_3159_cov_6.762533,g__Enterococcus,g__Enterococcus,no,Kas,,,
NODE_1123_length_2960_cov_11.116131,g__Enterococcus,g__Enterococcus,no,Kas,,,
NODE_114_length_11533_cov_8.311152,g__Enterococcus,g__Enterococcus,no,Kas,,,
NODE_1151_length_2922_cov_6.974955,g__Enterococcus,g__Enterococcus,no,Kas,,,
NODE_1224_length_2794_cov_9.238095,g__Enterococcus,g__Enterococcus,no,Kas,,,
NODE_1231_length_2785_cov_5.699022,g__Enterococcus,g__Enterococcus,no,Kas,,,
NODE_1274_length_2704_cov_4.577804,g__Enterococcus,g__Enterococcus,no,Kas,,,
NODE_1303_length_2677_cov_18.297255,g__Enterococcus,g__Enterococcus,no,Kas,,,
NODE_130_length_10749_cov_21.525137,g__Enterococcus,g__Enterococcus,no,Kas,,,
NODE_13265_length_815_cov_52.603198,g__Enterococcus,g__Enterococcus,no,Kas,,,
NODE_1329_length_2638_cov_6.863401,g__Enterococcus,g__Enterococcus,no,Kas,,,
NODE_1374_length_2577_cov_15.371837,g__Enterococcus,g__Enterococcus,no,Kas,,,
NODE_146_length_10327_cov_9.615686,g__Enterococcus,g__Enterococcus,no,Kas,,,
NODE_150_length_10137_cov_18.937363,g__Enterococcus,g__Enterococcus,no,Kas,,,
NODE_1603_length_2345_cov_30.721821,g__Enterococcus,g__Enterococcus,no,Kas,,,
NODE_1605_length_2342_cov_4.908804,g__Enterococcus,g__Enterococcus,no,Kas,,,
NODE_1685_length_2258_cov_7.080713,g__Enterococcus,g__Enterococcus,no,Kas,,,
NODE_170_length_9388_cov_8.881978,g__Enterococcus,g__Enterococcus,no,Kas,,,
NODE_171_length_9333_cov_19.092874,g__Enterococcus,g__Enterococcus,no,Kas,,,
NODE_1926_length_2087_cov_7.226531,g__Enterococcus,g__Enterococcus,no,Kas,,,
NODE_1947_length_2072_cov_5.406170,g__Enterococcus,g__Enterococcus,no,Kas,,,
NODE_1974_length_2052_cov_5.301299,g__Enterococcus,g__Enterococcus,no,Kas,,,
NODE_21179_length_665_cov_7.024164,g__Enterococcus,g__Enterococcus,no,Kas,,,
NODE_224_length_7843_cov_5.750130,g__Enterococcus,g__Enterococcus,no,Kas,,,
NODE_2316_length_1890_cov_4.199092,g__Enterococcus,g__Enterococcus,no,Kas,,,
NODE_2437_length_1839_cov_4.209112,g__Enterococcus,g__Enterococcus,no,Kas,,,
NODE_2482_length_1824_cov_5.240424,g__Enterococcus,g__Enterococcus,no,Kas,,,
NODE_252_length_7411_cov_6.018671,g__Enterococcus,g__Enterococcus,no,Kas,,,
NODE_2562_length_1786_cov_41.623267,g__Enterococcus,g__Enterococcus,no,Kas,,,
NODE_2563_length_1786_cov_40.368294,g__Enterococcus,g__Enterococcus,no,Kas,,,
NODE_2580_length_1782_cov_5.285196,g__Enterococcus,g__Enterococcus,no,Kas,,,
NODE_267_length_7045_cov_7.752674,g__Enterococcus,g__Enterococcus,no,Kas,,,
NODE_276_length_6993_cov_14.837314,g__Enterococcus,g__Enterococcus,no,Kas,,,
NODE_3020_length_1631_cov_15.940160,g__Enterococcus,g__Enterococcus,no,Kas,,,
NODE_324_length_6418_cov_8.654268,g__Enterococcus,g__Enterococcus,no,Kas,,,
NODE_3265_length_1566_cov_15.465601,g__Enterococcus,g__Enterococcus,no,Kas,,,
NODE_340_length_6245_cov_23.560477,g__Enterococcus,g__Enterococcus,no,Kas,,,
NODE_342_length_6244_cov_6.830472,g__Enterococcus,g__Enterococcus,no,Kas,,,
NODE_3440_length_1528_cov_10.508208,g__Enterococcus,g__Enterococcus,no,Kas,,,
NODE_3445_length_1527_cov_28.637857,g__Enterococcus,g__Enterococcus,no,Kas,,,
NODE_3468_length_1523_cov_6.532951,g__Enterococcus,g__Enterococcus,no,Kas,NODE_3468_length_1523_cov_6.532951,tet(M),tetracycline antibiotic
NODE_3585_length_1493_cov_40.795022,g__Enterococcus,g__Enterococcus,no,Kas,,,
NODE_3612_length_1489_cov_5.745962,g__Enterococcus,g__Enterococcus,no,Kas,,,
NODE_362_length_6018_cov_7.072314,g__Enterococcus,g__Enterococcus,no,Kas,,,
NODE_3722_length_1470_cov_4.274013,g__Enterococcus,g__Enterococcus,no,Kas,,,
NODE_392_length_5719_cov_21.315808,g__Enterococcus,g__Enterococcus,no,Kas,,,
NODE_4114_length_1392_cov_77.196838,g__Enterococcus,g__Enterococcus,no,Kas,,,
NODE_4146_length_1386_cov_60.662431,g__Enterococcus,g__Enterococcus,no,Kas,,,
NODE_427_length_5454_cov_15.288530,g__Enterococcus,g__Enterococcus,no,Kas,,,
NODE_448_length_5258_cov_12.661664,g__Enterococcus,g__Enterococcus,no,Kas,,,
NODE_4720_length_1301_cov_39.496593,g__Enterococcus,g__Enterococcus,no,Kas,,,
NODE_4736_length_1299_cov_11.763652,g__Enterococcus,g__Enterococcus,no,Kas,,,
NODE_4753_length_1297_cov_7.027350,g__Enterococcus,g__Enterococcus,no,Kas,,,
NODE_4770_length_1293_cov_147.461407,g__Enterococcus,g__Enterococcus,no,Kas,,,
NODE_490_length_5021_cov_11.069064,g__Enterococcus,g__Enterococcus,no,Kas,,,
NODE_514_length_4882_cov_5.544059,g__Enterococcus,g__Enterococcus,no,Kas,,,
NODE_524_length_4818_cov_16.560009,g__Enterococcus,g__Enterococcus,no,Kas,,,
NODE_5311_length_1230_cov_3.990934,g__Enterococcus,g__Enterococcus,no,Kas,,,
NODE_540_length_4690_cov_12.207101,g__Enterococcus,g__Enterococcus,no,Kas,NODE_540_length_4690_cov_12.207101,aad(6),aminoglycoside antibiotic
NODE_557_length_4588_cov_15.824703,g__Enterococcus,g__Enterococcus,no,Kas,,,
NODE_5604_length_1195_cov_571.175094,g__Enterococcus,g__Enterococcus,no,Kas,,,
NODE_6012_length_1158_cov_64.544132,g__Enterococcus,g__Enterococcus,no,Kas,,,
NODE_7115_length_1072_cov_16.698413,g__Enterococcus,g__Enterococcus,no,Kas,,,
NODE_728_length_3881_cov_13.996537,g__Enterococcus,g__Enterococcus,no,Kas,,,
NODE_7853_length_1027_cov_71.050000,g__Enterococcus,g__Enterococcus,no,Kas,,,
NODE_830_length_3572_cov_9.983454,g__Enterococcus,g__Enterococcus,no,Kas,,,
NODE_84_length_13536_cov_10.996271,g__Enterococcus,g__Enterococcus,no,Kas,,,
NODE_88_length_13206_cov_8.259959,g__Enterococcus,g__Enterococcus,no,Kas,NODE_88_length_13206_cov_8.259959,tet(M),tetracycline antibiotic
NODE_906_length_3381_cov_10.216042,g__Enterococcus,g__Enterococcus,no,Kas,,,
NODE_10187_length_1065_cov_230.882729,g__Enterococcus_B,g__Enterococcus_B,no,SD005,,,
NODE_10364_length_1050_cov_5.256771,g__Klebsiella,g__Klebsiella,yes,SD005,,,
NODE_1111_length_8637_cov_44.055934,g__Enterococcus_B,g__Enterococcus_B,no,SD005,,,
NODE_1132_length_8447_cov_4.805168,g__Klebsiella,g__Klebsiella,yes,SD005,,,
NODE_1171_length_8061_cov_12.979077,g__Enterobacter,g__Klebsiella,yes,SD005,,,
NODE_1171_length_8061_cov_12.979077,g__Klebsiella,g__Enterobacter,yes,SD005,,,
NODE_1192_length_7810_cov_7.180919,g__Klebsiella,g__Klebsiella,yes,SD005,,,
NODE_12063_length_938_cov_2.023428,g__Enterocloster,g__Enterococcus_B,no,SD005,,,
NODE_12063_length_938_cov_2.023428,g__Enterococcus_B,g__Enterocloster,no,SD005,,,
NODE_123_length_75870_cov_17.733797,g__Klebsiella,g__Klebsiella,yes,SD005,,,
NODE_1240_length_7381_cov_7.463468,g__Enterobacter,g__Klebsiella,yes,SD005,,,
NODE_1240_length_7381_cov_7.463468,g__Klebsiella,g__Enterobacter,yes,SD005,,,
NODE_1241_length_7380_cov_7.426444,g__Enterobacter,g__Enterobacter,no,SD005,,,
NODE_1244_length_7370_cov_6.610106,g__Enterocloster,g__Enterocloster,no,SD005,,,
NODE_1245_length_7367_cov_48.305939,g__Enterococcus_B,g__Enterococcus_B,no,SD005,,,
NODE_1257_length_7273_cov_79.634901,g__Enterococcus_B,g__Enterococcus_B,no,SD005,,,
NODE_1303_length_6932_cov_3.878325,g__Klebsiella,g__Klebsiella,yes,SD005,,,
NODE_1328_length_6686_cov_47.412258,g__Enterococcus_B,g__Enterococcus_B,no,SD005,,,
NODE_1335_length_6650_cov_66.307067,g__Enterococcus_B,g__Enterococcus_B,no,SD005,NODE_1335_length_6650_cov_66.307067,vanH gene in vanA cluster,glycopeptide antibiotic
NODE_1335_length_6650_cov_66.307067,g__Enterococcus_B,g__Enterococcus_B,no,SD005,NODE_1335_length_6650_cov_66.307067,vanA,glycopeptide antibiotic
NODE_1335_length_6650_cov_66.307067,g__Enterococcus_B,g__Enterococcus_B,no,SD005,NODE_1335_length_6650_cov_66.307067,vanX gene in vanA cluster,glycopeptide antibiotic
NODE_1335_length_6650_cov_66.307067,g__Enterococcus_B,g__Enterococcus_B,no,SD005,NODE_1335_length_6650_cov_66.307067,vanY gene in vanA cluster,glycopeptide antibiotic
NODE_1335_length_6650_cov_66.307067,g__Enterococcus_B,g__Enterococcus_B,no,SD005,NODE_1335_length_6650_cov_66.307067,vanZ gene in vanA cluster,glycopeptide antibiotic
NODE_1353_length_6522_cov_4.087099,g__Klebsiella,g__Klebsiella,yes,SD005,,,
NODE_1419_length_6089_cov_136.966454,g__Ruthenibacterium,g__Ruthenibacterium,no,SD005,,,
NODE_1431_length_6012_cov_35.042141,g__Klebsiella,g__Klebsiella,yes,SD005,,,
NODE_1498_length_5681_cov_27.830573,g__Enterocloster,g__Enterococcus_B,no,SD005,,,
NODE_1498_length_5681_cov_27.830573,g__Enterococcus_B,g__Enterocloster,no,SD005,,,
NODE_155_length_65977_cov_20.743219,g__Klebsiella,g__Klebsiella,yes,SD005,,,
NODE_156_length_65462_cov_26.535747,g__Klebsiella,g__Klebsiella,yes,SD005,,,
NODE_1613_length_5194_cov_7.110124,g__Klebsiella,g__Klebsiella,yes,SD005,,,
NODE_1641_length_5109_cov_4.127258,g__Klebsiella,g__Klebsiella,yes,SD005,,,
NODE_1696_length_4909_cov_27.923463,g__Enterococcus_B,g__Enterococcus_B,no,SD005,,,
NODE_1699_length_4894_cov_22.490245,g__Ruthenibacterium,g__Lactobacillus,no,SD005,,,
NODE_1699_length_4894_cov_22.490245,g__Lactobacillus,g__Ruthenibacterium,no,SD005,,,
NODE_1724_length_4779_cov_40.772356,g__Enterococcus_B,g__Enterococcus_B,no,SD005,,,
NODE_1739_length_4749_cov_33.726742,g__Enterococcus_B,g__Enterococcus_B,no,SD005,,,
NODE_1747_length_4731_cov_20.370113,g__Klebsiella,g__Klebsiella,no,SD005,,,
NODE_1787_length_4588_cov_61.134275,g__Enterocloster,g__Enterococcus_B,no,SD005,,,
NODE_1787_length_4588_cov_61.134275,g__Enterococcus_B,g__Enterocloster,no,SD005,,,
NODE_1792_length_4576_cov_4.237357,g__Klebsiella,g__Klebsiella,no,SD005,,,
NODE_1795_length_4555_cov_43.307362,g__Enterococcus_B,g__Enterococcus_B,no,SD005,,,
NODE_1803_length_4530_cov_4.429253,g__Enterobacter,g__Enterobacter,no,SD005,,,
NODE_1808_length_4504_cov_78.905872,g__Enterococcus_B,g__Enterococcus_B,no,SD005,,,
NODE_1855_length_4356_cov_3.031450,g__Lactobacillus,g__Lactobacillus,no,SD005,,,
NODE_1877_length_4308_cov_3.006219,g__Streptococcus,g__Enterococcus_B,no,SD005,,,
NODE_1877_length_4308_cov_3.006219,g__Enterococcus_B,g__Streptococcus,no,SD005,,,
NODE_1950_length_4132_cov_44.882647,g__Streptococcus,g__Enterococcus_B,no,SD005,,,
NODE_1950_length_4132_cov_44.882647,g__Enterococcus_B,g__Streptococcus,no,SD005,,,
NODE_1961_length_4121_cov_3.807712,g__Klebsiella,g__Klebsiella,yes,SD005,,,
NODE_2015_length_3975_cov_30.318347,g__Enterococcus_B,g__Enterococcus_B,no,SD005,,,
NODE_2059_length_3907_cov_49.560317,g__Enterocloster,g__Enterococcus_B,no,SD005,,,
NODE_2059_length_3907_cov_49.560317,g__Enterocloster,g__Streptococcus,no,SD005,,,
NODE_2059_length_3907_cov_49.560317,g__Enterococcus_B,g__Enterocloster,no,SD005,,,
NODE_2059_length_3907_cov_49.560317,g__Enterococcus_B,g__Streptococcus,no,SD005,,,
NODE_2059_length_3907_cov_49.560317,g__Streptococcus,g__Enterocloster,no,SD005,,,
NODE_2059_length_3907_cov_49.560317,g__Streptococcus,g__Enterococcus_B,no,SD005,,,
NODE_2132_length_3755_cov_3.544928,g__Klebsiella,g__Klebsiella,yes,SD005,NODE_2132_length_3755_cov_3.544928,APH(6)-Id,aminoglycoside antibiotic
NODE_2132_length_3755_cov_3.544928,g__Klebsiella,g__Klebsiella,yes,SD005,NODE_2132_length_3755_cov_3.544928,APH(3'')-Ib,aminoglycoside antibiotic
NODE_2132_length_3755_cov_3.544928,g__Klebsiella,g__Klebsiella,yes,SD005,NODE_2132_length_3755_cov_3.544928,sul2,sulfonamide antibiotic
NODE_2156_length_3705_cov_13.351314,g__Lactobacillus,g__Lactobacillus,no,SD005,,,
NODE_2228_length_3586_cov_7.595548,g__Klebsiella,g__Klebsiella,yes,SD005,,,
NODE_2297_length_3473_cov_50.937836,g__Enterococcus_B,g__Enterococcus_B,no,SD005,,,
NODE_2316_length_3432_cov_46.009077,,,no,SD005,,,
NODE_2325_length_3418_cov_2.181404,g__Klebsiella,g__Klebsiella,no,SD005,,,
NODE_237_length_44128_cov_27.058999,g__Klebsiella,g__Klebsiella,yes,SD005,,,
NODE_2501_length_3193_cov_3.494455,g__Klebsiella,g__Klebsiella,yes,SD005,,,
NODE_271_length_38427_cov_43.065587,g__Enterocloster,g__Enterococcus_B,no,SD005,,,
NODE_271_length_38427_cov_43.065587,g__Enterococcus_B,g__Enterocloster,no,SD005,,,
NODE_279_length_37105_cov_9.188680,g__Klebsiella,g__Klebsiella,no,SD005,,,
NODE_2949_length_2755_cov_2.536149,g__Klebsiella,g__Klebsiella,yes,SD005,,,
NODE_3107_length_2633_cov_3.610934,g__Klebsiella,g__Klebsiella,yes,SD005,,,
NODE_3176_length_2582_cov_4.869246,g__Klebsiella,g__Klebsiella,yes,SD005,,,
NODE_3252_length_2532_cov_58.827027,g__Enterocloster,g__Enterocloster,no,SD005,,,
NODE_3475_length_2393_cov_90.070168,g__Enterococcus_B,g__Enterococcus_B,no,SD005,,,
NODE_3482_length_2386_cov_74.571049,g__Enterococcus_B,g__Enterococcus_B,no,SD005,NODE_3482_length_2386_cov_74.571049,vanS gene in vanA cluster,glycopeptide antibiotic
NODE_3482_length_2386_cov_74.571049,g__Enterococcus_B,g__Enterococcus_B,no,SD005,NODE_3482_length_2386_cov_74.571049,vanR gene in vanA cluster,glycopeptide antibiotic
NODE_3485_length_2385_cov_14.116475,g__Enterocloster,g__Gordonibacter,no,SD005,NODE_3485_length_2385_cov_14.116475,tet(O),tetracycline antibiotic
NODE_3485_length_2385_cov_14.116475,g__Gordonibacter,g__Enterocloster,no,SD005,NODE_3485_length_2385_cov_14.116475,tet(O),tetracycline antibiotic
NODE_3488_length_2384_cov_17.871954,g__Klebsiella,g__Klebsiella,yes,SD005,,,
NODE_3549_length_2345_cov_376.768260,g__Enterococcus_B,g__Enterococcus_B,no,SD005,,,
NODE_3741_length_2246_cov_77.590845,g__Klebsiella,g__Klebsiella,yes,SD005,,,
NODE_3821_length_2211_cov_40.344050,g__Klebsiella,g__Klebsiella,yes,SD005,,,
NODE_3823_length_2210_cov_3.430629,g__Klebsiella,g__Klebsiella,yes,SD005,NODE_3823_length_2210_cov_3.430629,QnrB1,fluoroquinolone antibiotic
NODE_3910_length_2175_cov_3.817871,g__Klebsiella,g__Klebsiella,yes,SD005,,,
NODE_4041_length_2113_cov_47.657603,g__Enterococcus_B,g__Enterococcus_B,no,SD005,,,
NODE_4141_length_2068_cov_14.196806,g__Enterobacter,g__Enterobacter,no,SD005,,,
NODE_4562_length_1926_cov_118.531962,g__Enterococcus_B,g__Enterococcus_B,no,SD005,,,
NODE_4654_length_1894_cov_236.968308,g__Klebsiella,g__Klebsiella,yes,SD005,,,
NODE_4717_length_1877_cov_5.490286,g__Klebsiella,g__Klebsiella,yes,SD005,,,
NODE_4741_length_1870_cov_4.329317,g__Klebsiella,g__Klebsiella,yes,SD005,,,
NODE_4816_length_1848_cov_4.346310,g__Klebsiella,g__Klebsiella,yes,SD005,,,
NODE_488_length_22212_cov_37.627892,g__Enterococcus_B,g__Enterococcus_B,no,SD005,,,
NODE_490_length_22174_cov_28.907879,g__Klebsiella,g__Klebsiella,yes,SD005,,,
NODE_491_length_22161_cov_44.006989,g__Klebsiella,g__Klebsiella,yes,SD005,,,
NODE_5046_length_1787_cov_416.762048,g__Enterococcus_B,g__Enterococcus_B,no,SD005,,,
NODE_5065_length_1781_cov_7.169891,g__Enterobacter,g__Enterobacter,no,SD005,,,
NODE_5314_length_1720_cov_6.492153,g__Enterobacter,g__Enterobacter,no,SD005,,,
NODE_5353_length_1712_cov_4.902208,g__Klebsiella,g__Klebsiella,yes,SD005,,,
NODE_547_length_20368_cov_42.752878,g__Enterocloster,g__Enterococcus_B,no,SD005,,,
NODE_547_length_20368_cov_42.752878,g__Enterococcus_B,g__Enterocloster,no,SD005,,,
NODE_562_length_19596_cov_3.887616,g__Klebsiella,g__Klebsiella,yes,SD005,,,
NODE_5636_length_1648_cov_3.913872,g__Klebsiella,g__Klebsiella,yes,SD005,,,
NODE_5667_length_1644_cov_53.139750,g__Enterococcus_B,g__Enterococcus_B,no,SD005,,,
NODE_582_length_18866_cov_31.796787,g__Klebsiella,g__Klebsiella,yes,SD005,,,
NODE_5959_length_1585_cov_3.141289,g__Klebsiella,g__Klebsiella,yes,SD005,,,
NODE_607_length_18136_cov_28.151036,g__Klebsiella,g__Klebsiella,yes,SD005,,,
NODE_6368_length_1503_cov_226.814680,g__Enterococcus_B,g__Enterococcus_B,no,SD005,,,
NODE_6400_length_1498_cov_477.447119,g__Enterococcus_B,g__Enterococcus_B,no,SD005,,,
NODE_7083_length_1394_cov_168.094712,g__Enterococcus_B,g__Enterococcus_B,no,SD005,,,
NODE_7261_length_1366_cov_258.977401,g__Enterococcus_B,g__Enterococcus_B,no,SD005,,,
NODE_730_length_14222_cov_22.013267,g__Enterocloster,g__Lactobacillus,yes,SD005,,,
NODE_730_length_14222_cov_22.013267,g__Lactobacillus,g__Enterocloster,yes,SD005,,,
NODE_7428_length_1341_cov_57.029654,g__Klebsiella,g__Klebsiella,yes,SD005,,,
NODE_772_length_13211_cov_60.475237,g__Enterococcus_B,g__Enterococcus_B,no,SD005,,,
NODE_774_length_13179_cov_35.774211,g__Klebsiella,g__Klebsiella,yes,SD005,,,
NODE_8385_length_1226_cov_84.010009,g__Enterococcus_B,g__Enterococcus_B,no,SD005,,,
NODE_8418_length_1222_cov_339.937900,g__Enterococcus_B,g__Enterococcus_B,no,SD005,,,
NODE_8569_length_1204_cov_9.074280,g__Klebsiella,g__Klebsiella,yes,SD005,,,
NODE_8747_length_1186_cov_4.468366,g__Klebsiella,g__Klebsiella,yes,SD005,NODE_8747_length_1186_cov_4.468366,dfrA14,diaminopyrimidine antibiotic
NODE_904_length_11137_cov_5.019346,g__Klebsiella,g__Klebsiella,yes,SD005,,,
NODE_9222_length_1141_cov_10.336292,g__Klebsiella,g__Klebsiella,yes,SD005,,,
NODE_9479_length_1121_cov_1.057344,g__Streptococcus,g__Streptococcus,no,SD005,,,
NODE_948_length_10660_cov_19.637710,g__Lactobacillus,g__Lactobacillus,yes,SD005,,,
NODE_953_length_10549_cov_51.421992,g__Mailhella,g__Enterococcus_B,no,SD005,,,
NODE_953_length_10549_cov_51.421992,g__Enterococcus_B,g__Mailhella,no,SD005,,,
NODE_962_length_10433_cov_21.716476,g__Lactobacillus,g__Lactobacillus,yes,SD005,,,
NODE_9699_length_1103_cov_424.126025,g__Enterococcus_B,g__Enterococcus_B,no,SD005,,,
NODE_982_length_10082_cov_59.828127,g__Enterococcus_B,g__Enterococcus_B,no,SD005,,,
NODE_121_length_17069_cov_7.545449,g__Enterococcus,g__Enterococcus,yes,SD003,NODE_121_length_17069_cov_7.545449,APH(3')-IIIa,aminoglycoside antibiotic
NODE_121_length_17069_cov_7.545449,g__Enterococcus,g__Enterococcus,yes,SD003,NODE_121_length_17069_cov_7.545449,SAT-4,nucleoside antibiotic
NODE_121_length_17069_cov_7.545449,g__Enterococcus,g__Enterococcus,yes,SD003,NODE_121_length_17069_cov_7.545449,aad(6),aminoglycoside antibiotic
NODE_121_length_17069_cov_7.545449,g__Enterococcus,g__Enterococcus,yes,SD003,NODE_121_length_17069_cov_7.545449,ErmB,macrolide antibiotic; lincosamide antibiotic; streptogramin antibiotic; streptogramin A antibiotic; streptogramin B antibiotic
NODE_1306_length_2620_cov_4.967910,g__Enterococcus,g__Enterococcus,yes,SD003,,,
NODE_384_length_5564_cov_6.936914,g__Enterococcus,g__Enterococcus,yes,SD003,,,
NODE_69_length_62280_cov_13.908838,g__Enterococcus,g__Enterococcus,yes,SD003,,,
NODE_800_length_3587_cov_6.387572,g__Enterococcus,g__Enterococcus,yes,SD003,,,
